tract,iou,alignment,recurrence_score,image_group,initial_label,label_spread_prediction
tract_1,0.0,0.624,11.0,30_214_522,1,1
tract_2,0.0,0.27,25.48,30_214_522,1,1
tract_3,0.031,0.397,63.52,30_214_522,1,1
tract_4,0.0,0.994,0.0,30_214_522,0,0
tract_5,0.0,0.453,0.0,30_214_522,0,0
tract_6,0.0,0.089,0.0,30_214_522,0,0
tract_7,0.0,0.52,0.0,30_214_522,0,0
tract_8,0.0,0.877,0.0,30_214_522,0,0
tract_1,0.0,0.985,3.62,30_216_482,0,0
tract_2,0.0,0.273,8.4,30_216_482,0,0
tract_3,0.054,0.948,34.25,30_216_482,1,1
tract_4,0.099,0.592,29.6,30_216_482,1,1
tract_5,0.0,0.938,17.48,30_216_482,1,1
tract_6,0.0,0.196,4.6,30_216_482,0,0
tract_7,0.0,0.955,1.92,30_216_482,0,0
tract_8,0.0,0.215,0.13,30_216_482,0,0
tract_1,0.0,0.725,23.53,30_220_306,-1,1
tract_2,0.002,0.008,54.58,30_220_306,-1,1
tract_3,0.0,0.895,21.89,30_220_306,-1,1
tract_4,0.0,0.157,0.0,30_220_306,-1,0
tract_5,0.0,0.821,0.0,30_220_306,-1,0
tract_6,0.0,0.177,0.0,30_220_306,-1,0
tract_7,0.0,0.781,0.0,30_220_306,-1,0
tract_8,0.0,0.525,0.0,30_220_306,-1,0
tract_1,0.0,0.88,23.53,30_225_313,-1,1
tract_2,0.006,0.036,54.58,30_225_313,-1,1
tract_3,0.0,0.981,21.89,30_225_313,-1,1
tract_4,0.0,0.118,0.0,30_225_313,-1,0
tract_5,0.0,0.927,0.0,30_225_313,-1,0
tract_6,0.0,0.197,0.0,30_225_313,-1,0
tract_7,0.0,0.906,0.0,30_225_313,-1,0
tract_8,0.0,0.274,0.0,30_225_313,-1,0
tract_1,0.0,0.194,2.6,30_226_446,-1,0
tract_2,0.002,0.086,6.45,30_226_446,-1,0
tract_3,0.01,0.451,24.53,30_226_446,-1,1
tract_4,0.17,0.558,36.59,30_226_446,-1,1
tract_5,0.0,0.369,21.61,30_226_446,-1,1
tract_6,0.0,0.084,5.68,30_226_446,-1,0
tract_7,0.0,0.299,2.38,30_226_446,-1,0
tract_8,0.0,0.923,0.16,30_226_446,-1,0
tract_1,0.213,0.973,62.33,30_243_164,-1,1
tract_2,0.0,0.257,26.87,30_243_164,-1,1
tract_3,0.0,0.979,10.79,30_243_164,-1,1
tract_4,0.0,0.472,0.0,30_243_164,-1,0
tract_5,0.0,0.957,0.0,30_243_164,-1,0
tract_6,0.0,0.201,0.0,30_243_164,-1,0
tract_7,0.0,0.964,0.0,30_243_164,-1,0
tract_8,0.0,0.097,0.0,30_243_164,-1,0
tract_1,0.0,0.058,0.0,30_265_347,-1,0
tract_2,0.0,0.145,0.0,30_265_347,-1,0
tract_3,0.0,0.226,0.0,30_265_347,-1,0
tract_4,0.0,0.864,0.0,30_265_347,-1,0
tract_5,0.0,0.131,0.0,30_265_347,-1,0
tract_6,0.0,0.03,0.0,30_265_347,-1,0
tract_7,0.0,0.055,0.0,30_265_347,-1,0
tract_8,0.0,0.989,0.0,30_265_347,-1,0
tract_1,0.0,0.942,0.0,30_269_301,-1,0
tract_2,0.0,0.212,0.0,30_269_301,-1,0
tract_3,0.0,0.997,0.0,30_269_301,-1,0
tract_4,0.0,0.284,0.0,30_269_301,-1,0
tract_5,0.0,0.957,0.0,30_269_301,-1,0
tract_6,0.0,0.124,0.0,30_269_301,-1,0
tract_7,0.0,0.949,0.0,30_269_301,-1,0
tract_8,0.0,0.094,0.0,30_269_301,-1,0
tract_1,0.0,0.086,0.82,30_277_369,0,0
tract_2,0.0,0.15,0.06,30_277_369,0,0
tract_3,0.0,0.199,0.88,30_277_369,0,0
tract_4,0.0,0.877,5.51,30_277_369,0,0
tract_5,0.0,0.105,20.95,30_277_369,1,1
tract_6,0.0,0.026,47.06,30_277_369,1,1
tract_7,0.0,0.029,19.66,30_277_369,1,1
tract_8,0.0,0.992,5.07,30_277_369,0,0
tract_1,0.0,0.805,2.45,30_281_443,0,0
tract_2,0.0,0.294,5.66,30_281_443,0,0
tract_3,0.0,0.617,23.11,30_281_443,1,1
tract_4,0.288,0.927,37.82,30_281_443,1,1
tract_5,0.0,0.663,22.34,30_281_443,1,1
tract_6,0.001,0.125,6.0,30_281_443,0,0
tract_7,0.0,0.717,2.46,30_281_443,0,0
tract_8,0.0,0.719,0.17,30_281_443,0,0
tract_1,0.0,0.732,0.0,30_329_336,0,0
tract_2,0.0,0.286,0.0,30_329_336,0,0
tract_3,0.0,0.521,0.0,30_329_336,0,0
tract_4,0.0,0.968,0.0,30_329_336,0,0
tract_5,0.0,0.576,23.89,30_329_336,1,1
tract_6,0.005,0.017,53.68,30_329_336,1,1
tract_7,0.0,0.637,22.43,30_329_336,1,1
tract_8,0.0,0.796,0.0,30_329_336,0,0
tract_1,0.0,0.925,0.75,30_331_399,-1,0
tract_2,0.0,0.297,0.05,30_331_399,-1,0
tract_3,0.0,0.799,1.62,30_331_399,-1,0
tract_4,0.024,0.811,10.11,30_331_399,-1,0
tract_5,0.015,0.828,21.87,30_331_399,-1,1
tract_6,0.235,0.959,43.0,30_331_399,-1,1
tract_7,0.0,0.86,17.97,30_331_399,-1,1
tract_8,0.0,0.515,4.63,30_331_399,-1,0
tract_1,0.0,0.827,11.41,30_343_218,-1,1
tract_2,0.0,0.157,1.9,30_343_218,-1,0
tract_3,0.0,0.956,0.76,30_343_218,-1,0
tract_4,0.0,0.011,0.71,30_343_218,-1,0
tract_5,0.0,0.893,6.46,30_343_218,-1,0
tract_6,0.0,0.142,14.49,30_343_218,-1,1
tract_7,0.117,0.84,34.68,30_343_218,-1,1
tract_8,0.028,0.286,29.59,30_343_218,-1,1
tract_1,0.0,0.461,0.0,30_359_381,-1,0
tract_2,0.0,0.239,0.0,30_359_381,-1,0
tract_3,0.0,0.197,0.0,30_359_381,-1,0
tract_4,0.0,0.994,0.0,30_359_381,-1,0
tract_5,0.0,0.275,23.89,30_359_381,-1,1
tract_6,0.09,0.511,53.68,30_359_381,-1,1
tract_7,0.0,0.348,22.43,30_359_381,-1,1
tract_8,0.0,0.954,0.0,30_359_381,-1,0
tract_1,0.0,0.148,10.84,30_362_188,0,0
tract_2,0.0,0.085,1.8,30_362_188,0,0
tract_3,0.0,0.423,0.72,30_362_188,0,0
tract_4,0.0,0.74,0.74,30_362_188,0,0
tract_5,0.0,0.327,6.71,30_362_188,0,0
tract_6,0.0,0.076,15.06,30_362_188,1,1
tract_7,0.043,0.181,36.04,30_362_188,1,1
tract_8,0.007,0.927,28.09,30_362_188,1,1
tract_1,0.0,0.902,0.0,30_364_501,-1,0
tract_2,0.0,0.196,0.0,30_364_501,-1,0
tract_3,0.0,0.989,0.0,30_364_501,-1,0
tract_4,0.0,0.17,0.0,30_364_501,-1,0
tract_5,0.222,0.859,61.3,30_364_501,-1,1
tract_6,0.0,0.199,27.29,30_364_501,-1,1
tract_7,0.0,0.922,11.41,30_364_501,-1,1
tract_8,0.0,0.222,0.0,30_364_501,-1,0
tract_1,0.0,0.932,0.0,30_365_310,0,0
tract_2,0.0,0.297,0.0,30_365_310,0,0
tract_3,0.0,0.812,0.0,30_365_310,0,0
tract_4,0.0,0.794,0.0,30_365_310,0,0
tract_5,0.0,0.831,23.89,30_365_310,1,1
tract_6,0.04,0.269,53.68,30_365_310,1,1
tract_7,0.0,0.869,22.43,30_365_310,1,1
tract_8,0.0,0.497,0.0,30_365_310,0,0
tract_1,0.0,0.916,0.0,30_371_371,0,0
tract_2,0.0,0.204,0.0,30_371_371,0,0
tract_3,0.0,0.993,0.0,30_371_371,0,0
tract_4,0.0,0.205,0.0,30_371_371,0,0
tract_5,0.0,0.946,23.89,30_371_371,1,1
tract_6,0.02,0.136,53.68,30_371_371,1,1
tract_7,0.0,0.932,22.43,30_371_371,1,1
tract_8,0.0,0.188,0.0,30_371_371,0,0
tract_1,0.0,0.304,0.0,30_378_418,-1,0
tract_2,0.0,0.038,0.0,30_378_418,-1,0
tract_3,0.0,0.564,0.0,30_378_418,-1,0
tract_4,0.0,0.621,0.0,30_378_418,-1,0
tract_5,0.029,0.493,53.1,30_378_418,-1,1
tract_6,0.007,0.119,37.01,30_378_418,-1,1
tract_7,0.0,0.402,9.89,30_378_418,-1,0
tract_8,0.0,0.874,0.0,30_378_418,-1,0
tract_1,0.0,0.051,0.0,30_378_482,-1,0
tract_2,0.0,0.113,0.0,30_378_482,-1,0
tract_3,0.0,0.332,0.0,30_378_482,-1,0
tract_4,0.0,0.802,0.0,30_378_482,-1,0
tract_5,0.01,0.07,61.3,30_378_482,-1,1
tract_6,0.0,0.057,27.29,30_378_482,-1,1
tract_7,0.0,0.162,11.41,30_378_482,-1,1
tract_8,0.0,0.969,0.0,30_378_482,-1,0
tract_1,0.0,0.887,0.0,30_381_295,-1,0
tract_2,0.0,0.299,0.0,30_381_295,-1,0
tract_3,0.0,0.737,0.0,30_381_295,-1,0
tract_4,0.0,0.861,0.0,30_381_295,-1,0
tract_5,0.0,0.767,23.89,30_381_295,-1,1
tract_6,0.023,0.297,53.68,30_381_295,-1,1
tract_7,0.0,0.813,22.43,30_381_295,-1,1
tract_8,0.0,0.597,0.0,30_381_295,-1,0
tract_1,0.0,0.446,0.0,30_387_426,0,0
tract_2,0.0,0.236,0.0,30_387_426,0,0
tract_3,0.0,0.18,0.0,30_387_426,0,0
tract_4,0.0,0.992,0.0,30_387_426,0,0
tract_5,0.016,0.27,56.63,30_387_426,1,1
tract_6,0.002,0.062,32.83,30_387_426,1,1
tract_7,0.0,0.333,10.54,30_387_426,1,1
tract_8,0.0,0.959,0.0,30_387_426,0,0
tract_1,0.0,0.738,20.47,31_206_386,-1,1
tract_2,0.183,0.784,47.48,31_206_386,-1,1
tract_3,0.0,0.528,19.04,31_206_386,-1,1
tract_4,0.004,0.969,5.69,31_206_386,-1,0
tract_5,0.0,0.582,0.82,31_206_386,-1,0
tract_6,0.0,0.117,0.06,31_206_386,-1,0
tract_7,0.0,0.642,0.92,31_206_386,-1,0
tract_8,0.0,0.791,5.52,31_206_386,-1,0
tract_1,0.0,0.582,23.53,31_209_308,-1,1
tract_2,0.044,0.194,54.58,31_209_308,-1,1
tract_3,0.0,0.336,21.89,31_209_308,-1,1
tract_4,0.0,0.998,0.0,31_209_308,-1,0
tract_5,0.0,0.406,0.0,31_209_308,-1,0
tract_6,0.0,0.079,0.0,31_209_308,-1,0
tract_7,0.0,0.475,0.0,31_209_308,-1,0
tract_8,0.0,0.903,0.0,31_209_308,-1,0
tract_1,0.0,0.8,6.94,31_210_509,0,0
tract_2,0.0,0.145,16.06,31_210_509,1,1
tract_3,0.102,0.943,40.05,31_210_509,1,1
tract_4,0.002,0.031,25.08,31_210_509,1,1
tract_5,0.0,0.875,9.05,31_210_509,0,0
tract_6,0.0,0.187,1.45,31_210_509,0,0
tract_7,0.0,0.843,0.61,31_210_509,0,0
tract_8,0.0,0.419,0.75,31_210_509,0,0
tract_1,0.0,0.986,18.25,31_220_252,-1,1
tract_2,0.055,0.403,25.74,31_220_252,-1,1
tract_3,0.0,0.959,1.98,31_220_252,-1,0
tract_4,0.0,0.546,0.14,31_220_252,-1,0
tract_5,0.0,0.945,2.07,31_220_252,-1,0
tract_6,0.0,0.198,4.64,31_220_252,-1,0
tract_7,0.0,0.959,18.0,31_220_252,-1,1
tract_8,0.077,0.348,29.18,31_220_252,-1,1
tract_1,0.0,0.614,2.35,31_231_427,-1,0
tract_2,0.02,0.328,9.3,31_231_427,-1,0
tract_3,0.0,0.374,22.25,31_231_427,-1,1
tract_4,0.186,0.978,36.41,31_231_427,-1,1
tract_5,0.0,0.441,21.5,31_231_427,-1,1
tract_6,0.0,0.086,5.65,31_231_427,-1,0
tract_7,0.0,0.508,2.36,31_231_427,-1,0
tract_8,0.0,0.884,0.16,31_231_427,-1,0
tract_1,0.0,0.314,2.37,31_240_422,-1,0
tract_2,0.014,0.265,8.62,31_240_422,-1,0
tract_3,0.0,0.036,22.42,31_240_422,-1,1
tract_4,0.167,0.868,36.68,31_240_422,-1,1
tract_5,0.0,0.123,21.66,31_240_422,-1,1
tract_6,0.0,0.019,5.7,31_240_422,-1,0
tract_7,0.0,0.198,2.38,31_240_422,-1,0
tract_8,0.0,0.989,0.16,31_240_422,-1,0
tract_1,0.088,0.955,30.64,31_255_200,-1,1
tract_2,0.0,0.289,13.21,31_255_200,-1,0
tract_3,0.0,0.848,5.31,31_255_200,-1,0
tract_4,0.0,0.752,0.56,31_255_200,-1,0
tract_5,0.0,0.861,0.94,31_255_200,-1,0
tract_6,0.0,0.178,2.12,31_255_200,-1,0
tract_7,0.0,0.895,13.15,31_255_200,-1,0
tract_8,0.043,0.243,34.08,31_255_200,-1,1
tract_1,0.0,0.066,21.08,31_256_245,1,1
tract_2,0.004,0.103,14.23,31_256_245,0,0
tract_3,0.0,0.346,2.28,31_256_245,0,0
tract_4,0.0,0.794,0.16,31_256_245,0,0
tract_5,0.0,0.25,2.39,31_256_245,0,0
tract_6,0.0,0.06,5.36,31_256_245,0,0
tract_7,0.0,0.176,20.79,31_256_245,1,1
tract_8,0.016,0.045,33.71,31_256_245,1,1
tract_1,0.0,0.843,2.42,31_259_411,0,0
tract_2,0.004,0.337,6.9,31_259_411,0,0
tract_3,0.0,0.671,22.84,31_259_411,1,1
tract_4,0.118,0.946,37.38,31_259_411,1,1
tract_5,0.0,0.71,22.07,31_259_411,1,1
tract_6,0.0,0.142,5.8,31_259_411,0,0
tract_7,0.0,0.761,2.43,31_259_411,0,0
tract_8,0.0,0.669,0.16,31_259_411,0,0
tract_1,0.0,0.645,22.65,31_263_292,-1,1
tract_2,0.001,0.057,7.86,31_263_292,-1,0
tract_3,0.0,0.84,2.45,31_263_292,-1,0
tract_4,0.0,0.268,0.17,31_263_292,-1,0
tract_5,0.0,0.759,2.57,31_263_292,-1,0
tract_6,0.0,0.158,5.76,31_263_292,-1,0
tract_7,0.0,0.712,22.34,31_263_292,-1,1
tract_8,0.016,0.548,36.21,31_263_292,-1,1
tract_1,0.0,0.953,2.43,31_275_411,0,0
tract_2,0.0,0.294,5.62,31_275_411,0,0
tract_3,0.0,0.851,22.94,31_275_411,1,1
tract_4,0.082,0.781,37.54,31_275_411,1,1
tract_5,0.0,0.864,22.17,31_275_411,1,1
tract_6,0.002,0.147,6.7,31_275_411,0,0
tract_7,0.0,0.897,2.44,31_275_411,0,0
tract_8,0.0,0.434,0.17,31_275_411,0,0
tract_1,0.0,0.249,0.0,31_275_526,-1,0
tract_2,0.0,0.191,0.0,31_275_526,-1,0
tract_3,0.0,0.032,0.0,31_275_526,-1,0
tract_4,0.0,0.945,0.0,31_275_526,-1,0
tract_5,0.0,0.058,0.0,31_275_526,-1,0
tract_6,0.0,0.005,0.0,31_275_526,-1,0
tract_7,0.0,0.134,0.0,31_275_526,-1,0
tract_8,0.0,0.995,0.0,31_275_526,-1,0
tract_1,0.0,0.257,2.45,31_277_480,0,0
tract_2,0.0,0.052,5.67,31_277_480,0,0
tract_3,0.0,0.523,23.14,31_277_480,1,1
tract_4,0.117,0.679,37.87,31_277_480,1,1
tract_5,0.0,0.427,22.36,31_277_480,1,1
tract_6,0.0,0.096,5.88,31_277_480,0,0
tract_7,0.0,0.359,2.46,31_277_480,0,0
tract_8,0.0,0.897,0.17,31_277_480,0,0
tract_1,0.0,0.854,22.56,31_286_242,-1,1
tract_2,0.0,0.17,6.08,31_286_242,-1,0
tract_3,0.0,0.97,2.44,31_286_242,-1,0
tract_4,0.0,0.062,0.18,31_286_242,-1,0
tract_5,0.0,0.911,2.67,31_286_242,-1,0
tract_6,0.006,0.197,6.7,31_286_242,-1,0
tract_7,0.009,0.889,23.29,31_286_242,-1,1
tract_8,0.316,0.843,36.07,31_286_242,-1,1
tract_1,0.0,0.529,2.36,31_299_435,-1,0
tract_2,0.0,0.252,5.47,31_299_435,-1,0
tract_3,0.0,0.274,22.32,31_299_435,-1,1
tract_4,0.261,0.994,36.52,31_299_435,-1,1
tract_5,0.017,0.4,23.96,31_299_435,-1,1
tract_6,0.002,0.055,6.56,31_299_435,-1,0
tract_7,0.0,0.419,2.63,31_299_435,-1,0
tract_8,0.0,0.928,0.18,31_299_435,-1,0
tract_1,0.0,0.926,2.19,31_301_443,-1,0
tract_2,0.0,0.297,5.08,31_301_443,-1,0
tract_3,0.0,0.801,20.74,31_301_443,-1,1
tract_4,0.203,0.721,33.94,31_301_443,-1,1
tract_5,0.043,0.845,27.27,31_301_443,-1,1
tract_6,0.002,0.143,7.57,31_301_443,-1,0
tract_7,0.0,0.861,3.0,31_301_443,-1,0
tract_8,0.0,0.514,0.2,31_301_443,-1,0
tract_1,0.0,0.106,0.0,31_302_384,-1,0
tract_2,0.0,0.097,0.0,31_302_384,-1,0
tract_3,0.0,0.385,0.0,31_302_384,-1,0
tract_4,0.0,0.766,0.0,31_302_384,-1,0
tract_5,0.0,0.288,23.89,31_302_384,-1,1
tract_6,0.009,0.065,53.68,31_302_384,-1,1
tract_7,0.0,0.215,22.43,31_302_384,-1,1
tract_8,0.0,0.954,0.0,31_302_384,-1,0
tract_1,0.0,0.371,0.0,31_305_526,0,0
tract_2,0.0,0.016,0.0,31_305_526,0,0
tract_3,0.0,0.622,0.0,31_305_526,0,0
tract_4,0.0,0.563,0.0,31_305_526,0,0
tract_5,0.041,0.544,61.3,31_305_526,1,1
tract_6,0.0,0.117,27.29,31_305_526,1,1
tract_7,0.0,0.465,11.41,31_305_526,1,1
tract_8,0.0,0.837,0.0,31_305_526,0,0
tract_1,0.0,0.049,15.77,31_310_177,-1,1
tract_2,0.0,0.114,4.25,31_310_177,-1,0
tract_3,0.0,0.33,1.71,31_310_177,-1,0
tract_4,0.0,0.804,0.3,31_310_177,-1,0
tract_5,0.0,0.234,4.41,31_310_177,-1,0
tract_6,0.0,0.056,9.91,31_310_177,-1,0
tract_7,0.037,0.126,38.43,31_310_177,-1,1
tract_8,0.041,0.956,25.22,31_310_177,-1,1
tract_1,0.0,0.498,0.55,31_346_510,-1,0
tract_2,0.0,0.246,1.27,31_346_510,-1,0
tract_3,0.0,0.239,8.75,31_346_510,-1,0
tract_4,0.006,0.998,24.25,31_346_510,-1,1
tract_5,0.234,0.662,39.45,31_346_510,-1,1
tract_6,0.0,0.06,17.56,31_346_510,-1,1
tract_7,0.0,0.387,7.34,31_346_510,-1,0
tract_8,0.0,0.94,0.84,31_346_510,-1,0
tract_1,0.0,0.287,13.66,31_349_195,-1,0
tract_2,0.0,0.2,2.27,31_349_195,-1,0
tract_3,0.0,0.008,0.91,31_349_195,-1,0
tract_4,0.0,0.957,0.6,31_349_195,-1,0
tract_5,0.0,0.096,5.47,31_349_195,-1,0
tract_6,0.0,0.013,12.28,31_349_195,-1,0
tract_7,0.06,0.227,29.39,31_349_195,-1,1
tract_8,0.036,0.998,35.41,31_349_195,-1,1
tract_1,0.0,0.469,0.58,31_351_495,0,0
tract_2,0.0,0.016,1.35,31_351_495,0,0
tract_3,0.0,0.704,9.31,31_351_495,0,0
tract_4,0.009,0.48,25.81,31_351_495,1,1
tract_5,0.1,0.253,38.09,31_351_495,1,1
tract_6,0.0,0.135,16.96,31_351_495,1,1
tract_7,0.0,0.555,7.09,31_351_495,0,0
tract_8,0.0,0.772,0.81,31_351_495,0,0
tract_1,0.0,0.753,21.56,31_356_252,-1,1
tract_2,0.0,0.124,5.81,31_356_252,-1,0
tract_3,0.0,0.913,2.33,31_356_252,-1,0
tract_4,0.0,0.115,0.17,31_356_252,-1,0
tract_5,0.0,0.842,2.44,31_356_252,-1,0
tract_6,0.004,0.032,11.96,31_356_252,-1,0
tract_7,0.0,0.804,21.26,31_356_252,-1,1
tract_8,0.02,0.33,34.47,31_356_252,-1,1
tract_1,0.0,0.561,23.53,32_208_322,1,1
tract_2,0.01,0.039,54.58,32_208_322,1,1
tract_3,0.0,0.777,21.89,32_208_322,1,1
tract_4,0.0,0.369,0.0,32_208_322,0,0
tract_5,0.0,0.691,0.0,32_208_322,0,0
tract_6,0.0,0.151,0.0,32_208_322,0,0
tract_7,0.0,0.638,0.0,32_208_322,0,0
tract_8,0.0,0.698,0.0,32_208_322,0,0
tract_1,0.0,0.854,3.14,32_213_466,0,0
tract_2,0.0,0.298,7.27,32_213_466,0,0
tract_3,0.068,0.7,29.66,32_213_466,1,1
tract_4,0.237,0.913,33.02,32_213_466,1,1
tract_5,0.0,0.724,19.5,32_213_466,1,1
tract_6,0.0,0.148,5.13,32_213_466,0,0
tract_7,0.0,0.774,2.14,32_213_466,0,0
tract_8,0.0,0.653,0.15,32_213_466,0,0
tract_1,0.0,0.966,22.62,32_249_246,-1,1
tract_2,0.015,0.359,7.94,32_249_246,-1,0
tract_3,0.0,0.882,2.45,32_249_246,-1,0
tract_4,0.0,0.705,0.17,32_249_246,-1,0
tract_5,0.0,0.889,2.56,32_249_246,-1,0
tract_6,0.0,0.184,5.75,32_249_246,-1,0
tract_7,0.0,0.917,22.32,32_249_246,-1,1
tract_8,0.3,0.985,36.18,32_249_246,-1,1
tract_1,0.0,0.891,2.44,32_259_442,0,0
tract_2,0.002,0.307,5.89,32_259_442,0,0
tract_3,0.0,0.743,23.09,32_259_442,1,1
tract_4,0.266,0.905,37.78,32_259_442,1,1
tract_5,0.0,0.773,22.31,32_259_442,1,1
tract_6,0.0,0.158,5.87,32_259_442,0,0
tract_7,0.0,0.818,2.45,32_259_442,0,0
tract_8,0.0,0.59,0.17,32_259_442,0,0
tract_1,0.0,0.609,0.0,32_267_380,-1,0
tract_2,0.0,0.089,0.0,32_267_380,-1,0
tract_3,0.0,0.813,0.0,32_267_380,-1,0
tract_4,0.0,0.313,0.0,32_267_380,-1,0
tract_5,0.0,0.73,23.89,32_267_380,-1,1
tract_6,0.001,0.147,53.68,32_267_380,-1,1
tract_7,0.0,0.68,22.43,32_267_380,-1,1
tract_8,0.0,0.654,0.0,32_267_380,-1,0
tract_1,0.0,0.319,0.0,32_273_355,-1,0
tract_2,0.0,0.033,0.0,32_273_355,-1,0
tract_3,0.0,0.577,0.0,32_273_355,-1,0
tract_4,0.0,0.609,0.0,32_273_355,-1,0
tract_5,0.0,0.482,23.89,32_273_355,-1,1
tract_6,0.005,0.15,53.68,32_273_355,-1,1
tract_7,0.0,0.416,22.43,32_273_355,-1,1
tract_8,0.0,0.866,0.0,32_273_355,-1,0
tract_1,0.0,0.495,2.44,32_281_420,0,0
tract_2,0.0,0.246,5.66,32_281_420,0,0
tract_3,0.0,0.236,23.09,32_281_420,1,1
tract_4,0.189,0.984,37.79,32_281_420,1,1
tract_5,0.0,0.314,22.32,32_281_420,1,1
tract_6,0.001,0.044,6.08,32_281_420,0,0
tract_7,0.0,0.384,2.45,32_281_420,0,0
tract_8,0.0,0.942,0.17,32_281_420,0,0
tract_1,0.0,0.077,0.0,32_283_371,0,0
tract_2,0.0,0.106,0.0,32_283_371,0,0
tract_3,0.0,0.357,0.0,32_283_371,0,0
tract_4,0.0,0.787,0.0,32_283_371,0,0
tract_5,0.0,0.26,23.89,32_283_371,1,1
tract_6,0.001,0.012,53.68,32_283_371,1,1
tract_7,0.0,0.187,22.43,32_283_371,1,1
tract_8,0.0,0.962,0.0,32_283_371,0,0
tract_1,0.0,0.878,0.0,32_307_532,-1,0
tract_2,0.0,0.298,0.0,32_307_532,-1,0
tract_3,0.0,0.723,0.0,32_307_532,-1,0
tract_4,0.0,0.871,0.0,32_307_532,-1,0
tract_5,0.096,0.743,61.3,32_307_532,-1,1
tract_6,0.0,0.155,27.29,32_307_532,-1,1
tract_7,0.0,0.802,11.41,32_307_532,-1,1
tract_8,0.0,0.613,0.0,32_307_532,-1,0
tract_1,0.0,0.958,11.58,32_314_193,-1,0
tract_2,0.0,0.293,1.93,32_314_193,-1,0
tract_3,0.0,0.862,0.77,32_314_193,-1,0
tract_4,0.0,0.734,0.7,32_314_193,-1,0
tract_5,0.0,0.872,6.38,32_314_193,-1,0
tract_6,0.0,0.181,14.33,32_314_193,-1,1
tract_7,0.234,0.876,34.28,32_314_193,-1,1
tract_8,0.061,0.438,30.03,32_314_193,-1,1
tract_1,0.0,0.896,0.0,32_319_317,0,0
tract_2,0.0,0.299,0.0,32_319_317,0,0
tract_3,0.0,0.751,0.0,32_319_317,0,0
tract_4,0.0,0.85,0.0,32_319_317,0,0
tract_5,0.0,0.779,23.89,32_319_317,1,1
tract_6,0.022,0.084,53.68,32_319_317,1,1
tract_7,0.0,0.824,22.43,32_319_317,1,1
tract_8,0.0,0.58,0.0,32_319_317,0,0
tract_1,0.0,0.635,21.05,32_335_272,1,1
tract_2,0.0,0.077,5.68,32_335_272,0,0
tract_3,0.0,0.832,2.28,32_335_272,0,0
tract_4,0.0,0.281,0.16,32_335_272,0,0
tract_5,0.0,0.751,2.38,32_335_272,0,0
tract_6,0.012,0.044,14.03,32_335_272,0,0
tract_7,0.0,0.703,20.76,32_335_272,1,1
tract_8,0.045,0.548,33.66,32_335_272,1,1
tract_1,0.0,0.716,13.27,32_342_206,-1,0
tract_2,0.0,0.284,2.21,32_342_206,-1,0
tract_3,0.0,0.5,0.89,32_342_206,-1,0
tract_4,0.0,0.974,0.62,32_342_206,-1,0
tract_5,0.0,0.556,5.64,32_342_206,-1,0
tract_6,0.0,0.111,12.67,32_342_206,-1,0
tract_7,0.142,0.596,30.32,32_342_206,-1,1
tract_8,0.073,0.843,34.39,32_342_206,-1,1
tract_1,0.0,0.841,0.48,32_346_423,-1,0
tract_2,0.0,0.164,1.11,32_346_423,-1,0
tract_3,0.0,0.963,7.69,32_346_423,-1,0
tract_4,0.002,0.042,21.32,32_346_423,-1,1
tract_5,0.148,0.916,35.33,32_346_423,-1,1
tract_6,0.046,0.385,26.73,32_346_423,-1,1
tract_7,0.0,0.876,6.58,32_346_423,-1,0
tract_8,0.0,0.351,0.76,32_346_423,-1,0
tract_1,0.0,0.212,0.59,32_349_516,-1,0
tract_2,0.0,0.066,1.38,32_349_516,-1,0
tract_3,0.0,0.482,9.51,32_349_516,-1,0
tract_4,0.001,0.696,26.36,32_349_516,-1,1
tract_5,0.011,0.03,37.61,32_349_516,-1,1
tract_6,0.0,0.088,16.74,32_349_516,-1,1
tract_7,0.0,0.316,7.0,32_349_516,-1,0
tract_8,0.0,0.916,0.8,32_349_516,-1,0
tract_1,0.0,0.983,22.7,32_356_279,-1,1
tract_2,0.0,0.26,6.12,32_356_279,-1,0
tract_3,0.0,0.974,2.46,32_356_279,-1,0
tract_4,0.0,0.491,0.17,32_356_279,-1,0
tract_5,0.0,0.955,2.57,32_356_279,-1,0
tract_6,0.0,0.001,7.3,32_356_279,-1,0
tract_7,0.0,0.964,22.39,32_356_279,-1,1
tract_8,0.006,0.201,36.29,32_356_279,-1,1
tract_1,0.0,0.977,0.0,32_365_258,-1,0
tract_2,0.0,0.25,0.0,32_365_258,-1,0
tract_3,0.0,0.986,0.0,32_365_258,-1,0
tract_4,0.0,0.435,0.0,32_365_258,-1,0
tract_5,0.0,0.96,23.89,32_365_258,-1,1
tract_6,0.015,0.155,53.68,32_365_258,-1,1
tract_7,0.0,0.964,22.43,32_365_258,-1,1
tract_8,0.0,0.095,0.0,32_365_258,-1,0
tract_1,0.0,0.865,0.0,32_373_176,-1,0
tract_2,0.0,0.298,0.0,32_373_176,-1,0
tract_3,0.0,0.703,0.0,32_373_176,-1,0
tract_4,0.0,0.884,0.0,32_373_176,-1,0
tract_5,0.0,0.738,11.61,32_373_176,-1,1
tract_6,0.0,0.151,26.05,32_373_176,-1,1
tract_7,0.151,0.786,62.34,32_373_176,-1,1
tract_8,0.0,0.636,0.0,32_373_176,-1,0
tract_1,0.0,0.266,0.0,32_376_453,-1,0
tract_2,0.0,0.195,0.0,32_376_453,-1,0
tract_3,0.0,0.015,0.0,32_376_453,-1,0
tract_4,0.0,0.95,0.0,32_376_453,-1,0
tract_5,0.023,0.14,61.3,32_376_453,-1,1
tract_6,0.0,0.006,27.29,32_376_453,-1,1
tract_7,0.0,0.15,11.41,32_376_453,-1,0
tract_8,0.0,0.994,0.0,32_376_453,-1,0
tract_1,0.0,0.571,0.0,32_387_482,-1,0
tract_2,0.0,0.26,0.0,32_387_482,-1,0
tract_3,0.0,0.323,0.0,32_387_482,-1,0
tract_4,0.0,0.999,0.0,32_387_482,-1,0
tract_5,0.044,0.523,61.3,32_387_482,-1,1
tract_6,0.0,0.076,27.29,32_387_482,-1,1
tract_7,0.0,0.463,11.41,32_387_482,-1,1
tract_8,0.0,0.908,0.0,32_387_482,-1,0
tract_1,0.0,0.523,11.0,33_209_534,1,1
tract_2,0.0,0.035,25.48,33_209_534,1,1
tract_3,0.095,0.746,63.52,33_209_534,1,1
tract_4,0.0,0.412,0.0,33_209_534,0,0
tract_5,0.0,0.659,0.0,33_209_534,0,0
tract_6,0.0,0.144,0.0,33_209_534,0,0
tract_7,0.0,0.603,0.0,33_209_534,0,0
tract_8,0.0,0.731,0.0,33_209_534,0,0
tract_1,0.0,0.084,23.53,33_221_348,-1,1
tract_2,0.016,0.085,54.58,33_221_348,-1,1
tract_3,0.0,0.363,21.89,33_221_348,-1,1
tract_4,0.0,0.782,0.0,33_221_348,-1,0
tract_5,0.0,0.267,0.0,33_221_348,-1,0
tract_6,0.0,0.063,0.0,33_221_348,-1,0
tract_7,0.0,0.194,0.0,33_221_348,-1,0
tract_8,0.0,0.96,0.0,33_221_348,-1,0
tract_1,0.0,0.077,1.96,33_222_396,-1,0
tract_2,0.033,0.185,24.55,33_222_396,-1,1
tract_3,0.0,0.208,18.51,33_222_396,-1,1
tract_4,0.05,0.855,30.29,33_222_396,-1,1
tract_5,0.0,0.113,17.89,33_222_396,-1,1
tract_6,0.0,0.031,4.7,33_222_396,-1,0
tract_7,0.0,0.037,1.97,33_222_396,-1,0
tract_8,0.0,0.991,0.13,33_222_396,-1,0
tract_1,0.013,0.069,24.47,33_226_206,-1,1
tract_2,0.002,0.091,6.85,33_226_206,-1,0
tract_3,0.0,0.394,2.65,33_226_206,-1,0
tract_4,0.0,0.761,0.17,33_226_206,-1,0
tract_5,0.0,0.297,2.53,33_226_206,-1,0
tract_6,0.0,0.07,5.67,33_226_206,-1,0
tract_7,0.0,0.225,22.0,33_226_206,-1,1
tract_8,0.219,0.876,35.66,33_226_206,-1,1
tract_1,0.0,0.91,20.08,33_233_272,1,1
tract_2,0.04,0.325,18.29,33_233_272,0,0
tract_3,0.0,0.774,2.17,33_233_272,0,0
tract_4,0.0,0.83,0.15,33_233_272,0,0
tract_5,0.0,0.799,2.27,33_233_272,0,0
tract_6,0.0,0.164,5.11,33_233_272,0,0
tract_7,0.0,0.841,19.81,33_233_272,1,1
tract_8,0.101,0.637,32.11,33_233_272,1,1
tract_1,0.0,0.113,2.45,33_237_489,-1,0
tract_2,0.0,0.096,5.67,33_237_489,-1,0
tract_3,0.0,0.395,23.14,33_237_489,-1,1
tract_4,0.13,0.75,37.87,33_237_489,-1,1
tract_5,0.0,0.294,22.36,33_237_489,-1,1
tract_6,0.0,0.069,5.88,33_237_489,-1,0
tract_7,0.0,0.221,2.46,33_237_489,-1,0
tract_8,0.0,0.952,0.17,33_237_489,-1,0
tract_1,0.0,0.461,2.45,33_246_467,-1,0
tract_2,0.0,0.239,5.67,33_246_467,-1,0
tract_3,0.0,0.197,23.14,33_246_467,-1,1
tract_4,0.257,0.966,37.87,33_246_467,-1,1
tract_5,0.0,0.275,22.36,33_246_467,-1,1
tract_6,0.0,0.051,5.88,33_246_467,-1,0
tract_7,0.0,0.348,2.46,33_246_467,-1,0
tract_8,0.0,0.954,0.17,33_246_467,-1,0
tract_1,0.0,0.81,2.45,33_257_471,-1,0
tract_2,0.0,0.149,5.67,33_257_471,-1,0
tract_3,0.0,0.947,23.14,33_257_471,-1,1
tract_4,0.016,0.068,37.87,33_257_471,-1,1
tract_5,0.0,0.882,22.36,33_257_471,-1,1
tract_6,0.0,0.189,5.88,33_257_471,-1,0
tract_7,0.0,0.851,2.46,33_257_471,-1,0
tract_8,0.0,0.404,0.17,33_257_471,-1,0
tract_1,0.0,0.875,2.42,33_271_440,-1,0
tract_2,0.0,0.182,5.62,33_271_440,-1,0
tract_3,0.0,0.979,22.91,33_271_440,-1,1
tract_4,0.052,0.175,37.49,33_271_440,-1,1
tract_5,0.0,0.924,22.14,33_271_440,-1,1
tract_6,0.001,0.194,6.82,33_271_440,-1,0
tract_7,0.0,0.902,2.43,33_271_440,-1,0
tract_8,0.0,0.283,0.17,33_271_440,-1,0
tract_1,0.0,0.426,2.45,33_278_488,-1,0
tract_2,0.0,0.231,5.67,33_278_488,-1,0
tract_3,0.0,0.158,23.14,33_278_488,-1,1
tract_4,0.158,0.99,37.87,33_278_488,-1,1
tract_5,0.0,0.237,22.36,33_278_488,-1,1
tract_6,0.0,0.043,5.88,33_278_488,-1,0
tract_7,0.0,0.312,2.46,33_278_488,-1,0
tract_8,0.0,0.965,0.17,33_278_488,-1,0
tract_1,0.013,0.47,20.46,33_284_173,1,1
tract_2,0.0,0.24,3.4,33_284_173,0,0
tract_3,0.0,0.203,1.37,33_284_173,0,0
tract_4,0.0,0.995,0.5,33_284_173,0,0
tract_5,0.0,0.281,4.53,33_284_173,0,0
tract_6,0.0,0.052,10.16,33_284_173,0,0
tract_7,0.048,0.342,24.31,33_284_173,1,1
tract_8,0.04,0.937,35.27,33_284_173,1,1
tract_1,0.0,0.035,2.45,33_286_471,0,0
tract_2,0.0,0.137,5.67,33_286_471,0,0
tract_3,0.0,0.249,23.14,33_286_471,1,1
tract_4,0.219,0.916,37.87,33_286_471,1,1
tract_5,0.0,0.16,22.36,33_286_471,1,1
tract_6,0.0,0.04,5.88,33_286_471,0,0
tract_7,0.0,0.078,2.46,33_286_471,0,0
tract_8,0.0,0.986,0.17,33_286_471,0,0
tract_1,0.0,0.67,1.89,33_290_404,0,0
tract_2,0.0,0.09,4.38,33_290_404,0,0
tract_3,0.0,0.857,17.89,33_290_404,0,0
tract_4,0.023,0.231,29.28,33_290_404,1,1
tract_5,0.001,0.778,18.36,33_290_404,1,1
tract_6,0.017,0.234,26.04,33_290_404,1,1
tract_7,0.0,0.733,2.02,33_290_404,0,0
tract_8,0.0,0.591,0.14,33_290_404,0,0
tract_1,0.0,0.946,22.55,33_291_277,-1,1
tract_2,0.0,0.223,6.08,33_291_277,-1,0
tract_3,0.0,0.997,2.44,33_291_277,-1,0
tract_4,0.0,0.296,0.17,33_291_277,-1,0
tract_5,0.0,0.958,2.55,33_291_277,-1,0
tract_6,0.005,0.05,7.9,33_291_277,-1,0
tract_7,0.0,0.951,22.24,33_291_277,-1,1
tract_8,0.078,0.751,36.06,33_291_277,-1,1
tract_1,0.0,0.421,19.0,33_292_292,-1,1
tract_2,0.0,0.23,5.12,33_292_292,-1,0
tract_3,0.0,0.152,2.06,33_292_292,-1,0
tract_4,0.0,0.989,0.15,33_292_292,-1,0
tract_5,0.0,0.233,2.15,33_292_292,-1,0
tract_6,0.017,0.146,22.41,33_292_292,-1,1
tract_7,0.0,0.307,18.74,33_292_292,-1,1
tract_8,0.03,0.988,30.38,33_292_292,-1,1
tract_1,0.0,0.181,0.0,33_299_320,-1,0
tract_2,0.0,0.175,0.0,33_299_320,-1,0
tract_3,0.0,0.103,0.0,33_299_320,-1,0
tract_4,0.0,0.92,0.0,33_299_320,-1,0
tract_5,0.0,0.011,23.89,33_299_320,-1,1
tract_6,0.019,0.133,53.68,33_299_320,-1,1
tract_7,0.0,0.065,22.43,33_299_320,-1,1
tract_8,0.0,0.998,0.0,33_299_320,-1,0
tract_1,0.0,0.741,22.97,33_302_255,-1,1
tract_2,0.0,0.119,6.19,33_302_255,-1,0
tract_3,0.0,0.905,2.49,33_302_255,-1,0
tract_4,0.0,0.134,0.18,33_302_255,-1,0
tract_5,0.0,0.833,2.6,33_302_255,-1,0
tract_6,0.002,0.017,6.17,33_302_255,-1,0
tract_7,0.0,0.796,22.66,33_302_255,-1,1
tract_8,0.17,0.592,36.74,33_302_255,-1,1
tract_1,0.0,0.979,0.0,33_310_379,-1,0
tract_2,0.0,0.253,0.0,33_310_379,-1,0
tract_3,0.0,0.983,0.0,33_310_379,-1,0
tract_4,0.0,0.452,0.0,33_310_379,-1,0
tract_5,0.0,0.959,23.89,33_310_379,-1,1
tract_6,0.189,0.949,53.68,33_310_379,-1,1
tract_7,0.0,0.965,22.43,33_310_379,-1,1
tract_8,0.0,0.071,0.0,33_310_379,-1,0
tract_1,0.0,0.166,22.2,33_316_265,-1,1
tract_2,0.0,0.171,5.99,33_316_265,-1,0
tract_3,0.0,0.118,2.4,33_316_265,-1,0
tract_4,0.0,0.913,0.17,33_316_265,-1,0
tract_5,0.0,0.026,2.52,33_316_265,-1,0
tract_6,0.015,0.091,9.32,33_316_265,-1,0
tract_7,0.0,0.05,21.9,33_316_265,-1,1
tract_8,0.146,0.997,35.5,33_316_265,-1,1
tract_1,0.0,0.978,17.79,33_322_261,-1,1
tract_2,0.0,0.284,4.8,33_322_261,-1,0
tract_3,0.0,0.915,1.93,33_322_261,-1,0
tract_4,0.0,0.65,0.14,33_322_261,-1,0
tract_5,0.0,0.914,2.02,33_322_261,-1,0
tract_6,0.025,0.134,27.32,33_322_261,-1,1
tract_7,0.0,0.937,17.55,33_322_261,-1,1
tract_8,0.031,0.182,28.45,33_322_261,-1,1
tract_1,0.0,0.877,0.0,33_338_318,-1,0
tract_2,0.0,0.298,0.0,33_338_318,-1,0
tract_3,0.0,0.722,0.0,33_338_318,-1,0
tract_4,0.0,0.871,0.0,33_338_318,-1,0
tract_5,0.0,0.754,23.89,33_338_318,-1,1
tract_6,0.012,0.033,53.68,33_338_318,-1,1
tract_7,0.0,0.801,22.43,33_338_318,-1,1
tract_8,0.0,0.614,0.0,33_338_318,-1,0
tract_1,0.0,0.873,9.56,33_351_181,0,0
tract_2,0.0,0.18,1.59,33_351_181,0,0
tract_3,0.0,0.978,0.64,33_351_181,0,0
tract_4,0.0,0.103,0.8,33_351_181,0,0
tract_5,0.0,0.923,7.27,33_351_181,0,0
tract_6,0.0,0.196,16.31,33_351_181,1,1
tract_7,0.283,0.738,39.04,33_351_181,1,1
tract_8,0.005,0.204,24.79,33_351_181,1,1
tract_1,0.0,0.874,0.59,33_355_464,-1,0
tract_2,0.0,0.298,1.38,33_355_464,-1,0
tract_3,0.0,0.717,9.51,33_355_464,-1,0
tract_4,0.035,0.864,26.35,33_355_464,-1,1
tract_5,0.322,0.802,37.62,33_355_464,-1,1
tract_6,0.0,0.153,16.75,33_355_464,-1,1
tract_7,0.0,0.797,7.0,33_355_464,-1,0
tract_8,0.0,0.62,0.8,33_355_464,-1,0
tract_1,0.0,0.643,0.0,33_366_315,-1,0
tract_2,0.0,0.273,0.0,33_366_315,-1,0
tract_3,0.0,0.409,0.0,33_366_315,-1,0
tract_4,0.0,0.991,0.0,33_366_315,-1,0
tract_5,0.0,0.474,23.89,33_366_315,-1,1
tract_6,0.026,0.151,53.68,33_366_315,-1,1
tract_7,0.0,0.54,22.43,33_366_315,-1,1
tract_8,0.0,0.865,0.0,33_366_315,-1,0
tract_1,0.0,0.958,0.0,33_366_463,-1,0
tract_2,0.0,0.293,0.0,33_366_463,-1,0
tract_3,0.0,0.862,0.0,33_366_463,-1,0
tract_4,0.0,0.733,0.0,33_366_463,-1,0
tract_5,0.251,0.92,61.3,33_366_463,-1,1
tract_6,0.0,0.179,27.29,33_366_463,-1,1
tract_7,0.0,0.904,11.41,33_366_463,-1,1
tract_8,0.0,0.416,0.0,33_366_463,-1,0
tract_1,0.0,0.127,0.0,33_377_430,-1,0
tract_2,0.0,0.161,0.0,33_377_430,-1,0
tract_3,0.0,0.157,0.0,33_377_430,-1,0
tract_4,0.0,0.897,0.0,33_377_430,-1,0
tract_5,0.007,0.074,58.26,33_377_430,-1,1
tract_6,0.001,0.014,30.89,33_377_430,-1,1
tract_7,0.0,0.012,10.85,33_377_430,-1,0
tract_8,0.0,0.996,0.0,33_377_430,-1,0
tract_1,0.0,0.454,23.53,34_212_382,1,1
tract_2,0.083,0.356,54.58,34_212_382,1,1
tract_3,0.0,0.691,21.89,34_212_382,1,1
tract_4,0.0,0.478,0.0,34_212_382,0,0
tract_5,0.0,0.6,0.0,34_212_382,0,0
tract_6,0.0,0.132,0.0,34_212_382,0,0
tract_7,0.0,0.541,0.0,34_212_382,0,0
tract_8,0.0,0.783,0.0,34_212_382,0,0
tract_1,0.017,0.208,24.66,34_216_232,-1,1
tract_2,0.004,0.038,7.21,34_216_232,-1,0
tract_3,0.0,0.507,2.67,34_216_232,-1,0
tract_4,0.0,0.673,0.17,34_216_232,-1,0
tract_5,0.0,0.411,2.5,34_216_232,-1,0
tract_6,0.0,0.093,5.62,34_216_232,-1,0
tract_7,0.0,0.342,21.81,34_216_232,-1,1
tract_8,0.233,0.685,35.36,34_216_232,-1,1
tract_1,0.0,0.68,11.0,34_219_522,-1,1
tract_2,0.0,0.094,25.48,34_219_522,-1,1
tract_3,0.055,0.861,63.52,34_219_522,-1,1
tract_4,0.0,0.222,0.0,34_219_522,-1,0
tract_5,0.0,0.786,0.0,34_219_522,-1,0
tract_6,0.0,0.17,0.0,34_219_522,-1,0
tract_7,0.0,0.742,0.0,34_219_522,-1,0
tract_8,0.0,0.58,0.0,34_219_522,-1,0
tract_1,0.0,0.986,14.66,34_221_265,1,1
tract_2,0.069,0.369,34.0,34_221_265,1,1
tract_3,0.0,0.951,13.64,34_221_265,0,0
tract_4,0.0,0.568,3.34,34_221_265,0,0
tract_5,0.0,0.94,0.48,34_221_265,0,0
tract_6,0.0,0.196,0.33,34_221_265,0,0
tract_7,0.0,0.956,4.78,34_221_265,0,0
tract_8,0.051,0.302,28.77,34_221_265,1,1
tract_1,0.0,0.662,2.71,34_223_480,0,0
tract_2,0.0,0.276,6.27,34_223_480,0,0
tract_3,0.021,0.435,25.58,34_223_480,1,1
tract_4,0.21,0.991,36.06,34_223_480,1,1
tract_5,0.0,0.495,21.29,34_223_480,1,1
tract_6,0.0,0.098,5.6,34_223_480,0,0
tract_7,0.0,0.56,2.34,34_223_480,0,0
tract_8,0.0,0.852,0.16,34_223_480,0,0
tract_1,0.0,0.606,2.45,34_238_483,0,0
tract_2,0.0,0.266,5.67,34_238_483,0,0
tract_3,0.0,0.363,23.14,34_238_483,1,1
tract_4,0.192,0.998,37.87,34_238_483,1,1
tract_5,0.0,0.432,22.36,34_238_483,1,1
tract_6,0.0,0.085,5.88,34_238_483,0,0
tract_7,0.0,0.5,2.46,34_238_483,0,0
tract_8,0.0,0.889,0.17,34_238_483,0,0
tract_1,0.0,0.559,23.53,34_242_351,1,1
tract_2,0.063,0.548,54.58,34_242_351,1,1
tract_3,0.0,0.309,21.89,34_242_351,1,1
tract_4,0.0,0.999,0.0,34_242_351,0,0
tract_5,0.0,0.381,0.0,34_242_351,0,0
tract_6,0.0,0.074,0.0,34_242_351,0,0
tract_7,0.0,0.451,0.0,34_242_351,0,0
tract_8,0.0,0.914,0.0,34_242_351,0,0
tract_1,0.0,0.856,22.03,34_244_261,-1,1
tract_2,0.028,0.331,10.37,34_244_261,-1,1
tract_3,0.0,0.69,2.39,34_244_261,-1,0
tract_4,0.0,0.893,0.17,34_244_261,-1,0
tract_5,0.0,0.727,2.5,34_244_261,-1,0
tract_6,0.0,0.148,5.6,34_244_261,-1,0
tract_7,0.0,0.776,21.73,34_244_261,-1,1
tract_8,0.225,0.954,35.22,34_244_261,-1,1
tract_1,0.0,0.546,20.71,34_257_347,1,1
tract_2,0.0,0.008,48.04,34_257_347,1,1
tract_3,0.0,0.766,19.27,34_257_347,1,1
tract_4,0.0,0.386,4.72,34_257_347,0,0
tract_5,0.0,0.679,0.68,34_257_347,0,0
tract_6,0.0,0.148,0.06,34_257_347,0,0
tract_7,0.0,0.625,0.93,34_257_347,0,0
tract_8,0.0,0.711,5.58,34_257_347,0,0
tract_1,0.0,0.17,2.45,34_264_520,0,0
tract_2,0.0,0.172,5.67,34_264_520,0,0
tract_3,0.0,0.114,23.14,34_264_520,1,1
tract_4,0.008,0.915,37.87,34_264_520,1,1
tract_5,0.0,0.022,22.36,34_264_520,1,1
tract_6,0.0,0.012,5.88,34_264_520,0,0
tract_7,0.0,0.054,2.46,34_264_520,0,0
tract_8,0.0,0.997,0.17,34_264_520,0,0
tract_1,0.0,0.723,0.0,34_272_346,0,0
tract_2,0.0,0.087,0.0,34_272_346,0,0
tract_3,0.0,0.894,0.0,34_272_346,0,0
tract_4,0.0,0.161,0.0,34_272_346,0,0
tract_5,0.0,0.819,23.89,34_272_346,1,1
tract_6,0.008,0.215,53.68,34_272_346,1,1
tract_7,0.0,0.779,22.43,34_272_346,1,1
tract_8,0.0,0.528,0.0,34_272_346,0,0
tract_1,0.032,0.981,19.66,34_276_184,-1,1
tract_2,0.0,0.257,3.27,34_276_184,-1,0
tract_3,0.0,0.978,1.31,34_276_184,-1,0
tract_4,0.0,0.475,0.68,34_276_184,-1,0
tract_5,0.0,0.957,6.17,34_276_184,-1,0
tract_6,0.0,0.201,13.86,34_276_184,-1,1
tract_7,0.096,0.964,33.17,34_276_184,-1,1
tract_8,0.004,0.039,21.88,34_276_184,-1,1
tract_1,0.0,0.292,15.47,34_294_184,-1,0
tract_2,0.0,0.041,4.17,34_294_184,-1,0
tract_3,0.0,0.554,1.68,34_294_184,-1,0
tract_4,0.0,0.631,0.3,34_294_184,-1,0
tract_5,0.0,0.459,4.49,34_294_184,-1,0
tract_6,0.0,0.103,10.07,34_294_184,-1,0
tract_7,0.1,0.488,39.07,34_294_184,-1,1
tract_8,0.104,0.915,24.75,34_294_184,-1,1
tract_1,0.0,0.632,2.23,34_300_474,-1,0
tract_2,0.0,0.271,5.17,34_300_474,-1,0
tract_3,0.0,0.396,21.09,34_300_474,-1,1
tract_4,0.212,0.969,34.5,34_300_474,-1,1
tract_5,0.039,0.504,26.81,34_300_474,-1,1
tract_6,0.0,0.091,7.05,34_300_474,-1,0
tract_7,0.0,0.528,2.95,34_300_474,-1,0
tract_8,0.0,0.873,0.2,34_300_474,-1,0
tract_1,0.0,0.947,16.68,34_321_224,-1,1
tract_2,0.0,0.295,4.5,34_321_224,-1,0
tract_3,0.0,0.841,1.81,34_321_224,-1,0
tract_4,0.0,0.761,0.28,34_321_224,-1,0
tract_5,0.0,0.855,4.18,34_321_224,-1,0
tract_6,0.0,0.01,9.44,34_321_224,-1,0
tract_7,0.108,0.879,36.42,34_321_224,-1,1
tract_8,0.144,0.502,26.68,34_321_224,-1,1
tract_1,0.0,0.019,0.0,34_321_365,-1,0
tract_2,0.0,0.122,0.0,34_321_365,-1,0
tract_3,0.0,0.301,0.0,34_321_365,-1,0
tract_4,0.0,0.821,0.0,34_321_365,-1,0
tract_5,0.0,0.205,23.89,34_321_365,-1,1
tract_6,0.038,0.133,53.68,34_321_365,-1,1
tract_7,0.0,0.131,22.43,34_321_365,-1,1
tract_8,0.0,0.976,0.0,34_321_365,-1,0
tract_1,0.0,0.47,0.84,34_321_460,-1,0
tract_2,0.0,0.017,1.95,34_321_460,-1,0
tract_3,0.0,0.705,13.48,34_321_460,-1,0
tract_4,0.111,0.566,37.35,34_321_460,-1,1
tract_5,0.15,0.626,28.06,34_321_460,-1,1
tract_6,0.0,0.133,12.49,34_321_460,-1,0
tract_7,0.0,0.556,5.22,34_321_460,-1,0
tract_8,0.0,0.771,0.6,34_321_460,-1,0
tract_1,0.0,0.791,19.01,34_323_224,-1,1
tract_2,0.0,0.293,5.13,34_323_224,-1,0
tract_3,0.0,0.598,2.06,34_323_224,-1,0
tract_4,0.0,0.94,0.24,34_323_224,-1,0
tract_5,0.0,0.645,3.59,34_323_224,-1,0
tract_6,0.002,0.042,8.29,34_323_224,-1,0
tract_7,0.089,0.696,31.28,34_323_224,-1,1
tract_8,0.215,0.77,30.4,34_323_224,-1,1
tract_1,0.0,0.307,1.63,34_325_422,0,0
tract_2,0.0,0.037,3.77,34_325_422,0,0
tract_3,0.0,0.567,15.37,34_325_422,0,0
tract_4,0.075,0.687,25.16,34_325_422,1,1
tract_5,0.056,0.484,33.5,34_325_422,1,1
tract_6,0.023,0.173,16.63,34_325_422,1,1
tract_7,0.0,0.405,3.68,34_325_422,0,0
tract_8,0.0,0.872,0.25,34_325_422,0,0
tract_1,0.0,0.219,0.55,34_333_519,-1,0
tract_2,0.0,0.184,1.27,34_333_519,-1,0
tract_3,0.0,0.063,8.76,34_333_519,-1,0
tract_4,0.004,0.936,24.27,34_333_519,-1,1
tract_5,0.151,0.408,39.42,34_333_519,-1,1
tract_6,0.0,0.002,17.55,34_333_519,-1,1
tract_7,0.0,0.103,7.34,34_333_519,-1,0
tract_8,0.0,0.997,0.84,34_333_519,-1,0
tract_1,0.0,0.71,0.6,34_342_500,-1,0
tract_2,0.0,0.283,1.39,34_342_500,-1,0
tract_3,0.0,0.492,9.6,34_342_500,-1,0
tract_4,0.041,0.973,26.6,34_342_500,-1,1
tract_5,0.341,0.857,37.4,34_342_500,-1,1
tract_6,0.0,0.11,16.65,34_342_500,-1,1
tract_7,0.0,0.612,6.96,34_342_500,-1,0
tract_8,0.0,0.815,0.8,34_342_500,-1,0
tract_1,0.0,0.935,1.76,34_354_278,-1,0
tract_2,0.0,0.216,0.12,34_354_278,-1,0
tract_3,0.0,0.997,0.82,34_354_278,-1,0
tract_4,0.0,0.26,5.1,34_354_278,-1,0
tract_5,0.0,0.954,19.41,34_354_278,-1,1
tract_6,0.004,0.015,43.61,34_354_278,-1,1
tract_7,0.0,0.944,18.22,34_354_278,-1,1
tract_8,0.001,0.014,10.94,34_354_278,-1,0
tract_1,0.0,0.486,0.0,34_367_533,-1,0
tract_2,0.0,0.023,0.0,34_367_533,-1,0
tract_3,0.0,0.718,0.0,34_367_533,-1,0
tract_4,0.0,0.451,0.0,34_367_533,-1,0
tract_5,0.123,0.505,61.3,34_367_533,-1,1
tract_6,0.0,0.138,27.29,34_367_533,-1,1
tract_7,0.0,0.57,11.41,34_367_533,-1,1
tract_8,0.0,0.759,0.0,34_367_533,-1,0
tract_1,0.0,0.893,0.53,34_369_449,-1,0
tract_2,0.0,0.19,1.23,34_369_449,-1,0
tract_3,0.0,0.986,8.5,34_369_449,-1,0
tract_4,0.001,0.148,23.55,34_369_449,-1,1
tract_5,0.238,0.951,39.7,34_369_449,-1,1
tract_6,0.003,0.182,18.25,34_369_449,-1,1
tract_7,0.0,0.915,7.39,34_369_449,-1,0
tract_8,0.0,0.245,0.85,34_369_449,-1,0
tract_1,0.0,0.88,0.0,34_375_521,-1,0
tract_2,0.0,0.184,0.0,34_375_521,-1,0
tract_3,0.0,0.981,0.0,34_375_521,-1,0
tract_4,0.0,0.119,0.0,34_375_521,-1,0
tract_5,0.19,0.896,61.3,34_375_521,-1,1
tract_6,0.0,0.197,27.29,34_375_521,-1,1
tract_7,0.0,0.906,11.41,34_375_521,-1,1
tract_8,0.0,0.273,0.0,34_375_521,-1,0
tract_1,0.0,0.342,0.0,34_376_173,-1,0
tract_2,0.0,0.026,0.0,34_376_173,-1,0
tract_3,0.0,0.598,0.0,34_376_173,-1,0
tract_4,0.0,0.588,0.0,34_376_173,-1,0
tract_5,0.0,0.503,11.61,34_376_173,-1,0
tract_6,0.0,0.112,26.05,34_376_173,-1,1
tract_7,0.075,0.434,62.34,34_376_173,-1,1
tract_8,0.0,0.853,0.0,34_376_173,-1,0
tract_1,0.207,0.949,27.17,35_217_211,-1,1
tract_2,0.013,0.373,13.37,35_217_211,-1,0
tract_3,0.0,0.803,4.7,35_217_211,-1,0
tract_4,0.0,0.803,0.5,35_217_211,-1,0
tract_5,0.0,0.823,1.02,35_217_211,-1,0
tract_6,0.0,0.17,2.29,35_217_211,-1,0
tract_7,0.0,0.862,14.18,35_217_211,-1,1
tract_8,0.151,0.707,36.77,35_217_211,-1,1
tract_1,0.001,0.004,23.22,35_219_199,1,1
tract_2,0.0,0.131,6.26,35_219_199,0,0
tract_3,0.0,0.267,2.51,35_219_199,0,0
tract_4,0.0,0.841,0.18,35_219_199,0,0
tract_5,0.0,0.171,2.6,35_219_199,0,0
tract_6,0.0,0.043,5.84,35_219_199,0,0
tract_7,0.0,0.096,22.66,35_219_199,1,1
tract_8,0.158,0.946,36.73,35_219_199,1,1
tract_1,0.0,0.984,0.0,35_270_534,-1,0
tract_2,0.0,0.277,0.0,35_270_534,-1,0
tract_3,0.0,0.937,0.0,35_270_534,-1,0
tract_4,0.0,0.603,0.0,35_270_534,-1,0
tract_5,0.0,0.93,0.0,35_270_534,-1,0
tract_6,0.0,0.194,0.0,35_270_534,-1,0
tract_7,0.0,0.949,0.0,35_270_534,-1,0
tract_8,0.0,0.249,0.0,35_270_534,-1,0
tract_1,0.0,0.313,22.55,35_272_269,-1,1
tract_2,0.0,0.028,6.08,35_272_269,-1,0
tract_3,0.0,0.572,2.44,35_272_269,-1,0
tract_4,0.0,0.614,0.17,35_272_269,-1,0
tract_5,0.0,0.477,2.55,35_272_269,-1,0
tract_6,0.003,0.105,7.88,35_272_269,-1,0
tract_7,0.0,0.411,22.25,35_272_269,-1,1
tract_8,0.047,0.227,36.07,35_272_269,-1,1
tract_1,0.024,0.615,24.65,35_276_206,1,1
tract_2,0.0,0.267,6.65,35_276_206,0,0
tract_3,0.0,0.367,2.67,35_276_206,0,0
tract_4,0.0,0.996,0.2,35_276_206,0,0
tract_5,0.0,0.435,2.92,35_276_206,0,0
tract_6,0.0,0.085,6.56,35_276_206,0,0
tract_7,0.029,0.493,25.44,35_276_206,1,1
tract_8,0.141,0.629,30.91,35_276_206,1,1
tract_1,0.009,0.903,22.47,35_283_223,1,1
tract_2,0.0,0.298,6.06,35_283_223,0,0
tract_3,0.0,0.763,2.43,35_283_223,0,0
tract_4,0.0,0.84,0.19,35_283_223,0,0
tract_5,0.0,0.79,2.86,35_283_223,0,0
tract_6,0.002,0.136,6.59,35_283_223,0,0
tract_7,0.037,0.827,24.93,35_283_223,1,1
tract_8,0.349,0.805,34.46,35_283_223,1,1
tract_1,0.0,0.982,0.0,35_288_341,-1,0
tract_2,0.0,0.28,0.0,35_288_341,-1,0
tract_3,0.0,0.929,0.0,35_288_341,-1,0
tract_4,0.0,0.62,0.0,35_288_341,-1,0
tract_5,0.0,0.925,23.89,35_288_341,-1,1
tract_6,0.008,0.077,53.68,35_288_341,-1,1
tract_7,0.0,0.945,22.43,35_288_341,-1,1
tract_8,0.0,0.269,0.0,35_288_341,-1,0
tract_1,0.0,0.314,22.84,35_293_261,-1,1
tract_2,0.0,0.207,6.16,35_293_261,-1,0
tract_3,0.0,0.036,2.47,35_293_261,-1,0
tract_4,0.0,0.965,0.18,35_293_261,-1,0
tract_5,0.0,0.123,2.59,35_293_261,-1,0
tract_6,0.002,0.03,6.73,35_293_261,-1,0
tract_7,0.0,0.198,22.52,35_293_261,-1,1
tract_8,0.092,0.403,36.52,35_293_261,-1,1
tract_1,0.0,0.328,0.0,35_298_364,-1,0
tract_2,0.0,0.03,0.0,35_298_364,-1,0
tract_3,0.0,0.585,0.0,35_298_364,-1,0
tract_4,0.0,0.601,0.0,35_298_364,-1,0
tract_5,0.0,0.491,23.89,35_298_364,-1,1
tract_6,0.038,0.223,53.68,35_298_364,-1,1
tract_7,0.0,0.425,22.43,35_298_364,-1,1
tract_8,0.0,0.861,0.0,35_298_364,-1,0
tract_1,0.0,0.259,2.21,35_302_411,0,0
tract_2,0.0,0.052,5.11,35_302_411,0,0
tract_3,0.0,0.524,20.85,35_302_411,1,1
tract_4,0.105,0.707,34.12,35_302_411,1,1
tract_5,0.012,0.399,24.2,35_302_411,1,1
tract_6,0.013,0.117,10.67,35_302_411,0,0
tract_7,0.0,0.36,2.66,35_302_411,0,0
tract_8,0.0,0.896,0.18,35_302_411,0,0
tract_1,0.0,0.985,22.23,35_309_260,1,1
tract_2,0.0,0.276,5.99,35_309_260,0,0
tract_3,0.0,0.942,2.41,35_309_260,0,0
tract_4,0.0,0.591,0.17,35_309_260,0,0
tract_5,0.0,0.934,2.52,35_309_260,0,0
tract_6,0.022,0.145,9.19,35_309_260,0,0
tract_7,0.0,0.952,21.93,35_309_260,1,1
tract_8,0.218,0.965,35.56,35_309_260,1,1
tract_1,0.0,0.976,0.75,35_309_468,-1,0
tract_2,0.0,0.249,1.74,35_309_468,-1,0
tract_3,0.0,0.987,12.0,35_309_468,-1,0
tract_4,0.072,0.309,33.26,35_309_468,-1,1
tract_5,0.155,0.977,31.62,35_309_468,-1,1
tract_6,0.0,0.201,14.07,35_309_468,-1,0
tract_7,0.0,0.964,5.89,35_309_468,-1,0
tract_8,0.0,0.047,0.68,35_309_468,-1,0
tract_1,0.0,0.311,0.0,35_316_352,-1,0
tract_2,0.0,0.036,0.0,35_316_352,-1,0
tract_3,0.0,0.57,0.0,35_316_352,-1,0
tract_4,0.0,0.615,0.0,35_316_352,-1,0
tract_5,0.0,0.476,23.89,35_316_352,-1,1
tract_6,0.08,0.305,53.68,35_316_352,-1,1
tract_7,0.0,0.409,22.43,35_316_352,-1,1
tract_8,0.0,0.87,0.0,35_316_352,-1,0
tract_1,0.0,0.394,19.87,35_331_213,-1,1
tract_2,0.0,0.225,5.36,35_331_213,-1,0
tract_3,0.0,0.123,2.15,35_331_213,-1,0
tract_4,0.0,0.984,0.23,35_331_213,-1,0
tract_5,0.0,0.206,3.4,35_331_213,-1,0
tract_6,0.0,0.004,7.63,35_331_213,-1,0
tract_7,0.052,0.282,29.6,35_331_213,-1,1
tract_8,0.166,0.987,31.77,35_331_213,-1,1
tract_1,0.0,0.606,14.31,35_332_200,-1,1
tract_2,0.0,0.266,2.38,35_332_200,-1,0
tract_3,0.0,0.364,0.96,35_332_200,-1,0
tract_4,0.0,0.996,0.57,35_332_200,-1,0
tract_5,0.0,0.432,5.19,35_332_200,-1,0
tract_6,0.0,0.084,11.64,35_332_200,-1,0
tract_7,0.161,0.476,27.85,35_332_200,-1,1
tract_8,0.115,0.908,37.1,35_332_200,-1,1
tract_1,0.0,0.951,15.03,35_345_231,1,1
tract_2,0.0,0.294,2.5,35_345_231,0,0
tract_3,0.0,0.849,1.0,35_345_231,0,0
tract_4,0.0,0.752,0.52,35_345_231,0,0
tract_5,0.0,0.861,4.7,35_345_231,0,0
tract_6,0.005,0.068,12.03,35_345_231,0,0
tract_7,0.079,0.88,25.26,35_345_231,1,1
tract_8,0.073,0.544,38.96,35_345_231,1,1
tract_1,0.0,0.735,0.55,35_353_475,-1,0
tract_2,0.0,0.116,1.27,35_353_475,-1,0
tract_3,0.0,0.901,8.75,35_353_475,-1,0
tract_4,0.006,0.165,24.24,35_353_475,-1,1
tract_5,0.27,0.647,39.45,35_353_475,-1,1
tract_6,0.0,0.178,17.56,35_353_475,-1,1
tract_7,0.0,0.789,7.34,35_353_475,-1,0
tract_8,0.0,0.513,0.84,35_353_475,-1,0
tract_1,0.0,0.002,0.59,35_354_516,0,0
tract_2,0.0,0.128,1.36,35_354_516,0,0
tract_3,0.0,0.281,9.41,35_354_516,0,0
tract_4,0.007,0.836,26.08,35_354_516,1,1
tract_5,0.072,0.183,37.85,35_354_516,1,1
tract_6,0.0,0.046,16.85,35_354_516,1,1
tract_7,0.0,0.111,7.05,35_354_516,0,0
tract_8,0.0,0.98,0.81,35_354_516,0,0
tract_1,0.0,0.708,0.0,35_357_312,0,0
tract_2,0.0,0.283,0.0,35_357_312,0,0
tract_3,0.0,0.49,0.0,35_357_312,0,0
tract_4,0.0,0.976,0.0,35_357_312,0,0
tract_5,0.0,0.548,23.89,35_357_312,1,1
tract_6,0.032,0.119,53.68,35_357_312,1,1
tract_7,0.0,0.61,22.43,35_357_312,1,1
tract_8,0.0,0.817,0.0,35_357_312,0,0
tract_1,0.0,0.813,0.0,35_360_313,-1,0
tract_2,0.0,0.295,0.0,35_360_313,-1,0
tract_3,0.0,0.629,0.0,35_360_313,-1,0
tract_4,0.0,0.926,0.0,35_360_313,-1,0
tract_5,0.0,0.673,23.89,35_360_313,-1,1
tract_6,0.044,0.193,53.68,35_360_313,-1,1
tract_7,0.0,0.727,22.43,35_360_313,-1,1
tract_8,0.0,0.709,0.0,35_360_313,-1,0
tract_1,0.0,0.843,1.54,35_363_287,0,0
tract_2,0.0,0.165,0.11,35_363_287,0,0
tract_3,0.0,0.965,0.84,35_363_287,0,0
tract_4,0.0,0.042,5.2,35_363_287,0,0
tract_5,0.0,0.904,19.77,35_363_287,1,1
tract_6,0.034,0.153,44.42,35_363_287,1,1
tract_7,0.0,0.878,18.56,35_363_287,1,1
tract_8,0.004,0.332,9.56,35_363_287,0,0
tract_1,0.0,0.9,0.0,35_377_454,-1,0
tract_2,0.0,0.298,0.0,35_377_454,-1,0
tract_3,0.0,0.758,0.0,35_377_454,-1,0
tract_4,0.0,0.844,0.0,35_377_454,-1,0
tract_5,0.17,0.853,60.96,35_377_454,-1,1
tract_6,0.002,0.146,27.69,35_377_454,-1,1
tract_7,0.0,0.829,11.35,35_377_454,-1,1
tract_8,0.0,0.571,0.0,35_377_454,-1,0
tract_1,0.0,0.839,0.0,35_384_177,-1,0
tract_2,0.0,0.163,0.0,35_384_177,-1,0
tract_3,0.0,0.962,0.0,35_384_177,-1,0
tract_4,0.0,0.033,0.0,35_384_177,-1,0
tract_5,0.0,0.901,11.61,35_384_177,-1,0
tract_6,0.0,0.192,26.05,35_384_177,-1,1
tract_7,0.117,0.873,62.34,35_384_177,-1,1
tract_8,0.0,0.355,0.0,35_384_177,-1,0
tract_1,0.0,0.119,23.53,36_215_357,-1,1
tract_2,0.032,0.121,54.58,36_215_357,-1,1
tract_3,0.0,0.165,21.89,36_215_357,-1,1
tract_4,0.0,0.893,0.0,36_215_357,-1,0
tract_5,0.0,0.072,0.0,36_215_357,-1,0
tract_6,0.0,0.022,0.0,36_215_357,-1,0
tract_7,0.0,0.004,0.0,36_215_357,-1,0
tract_8,0.0,0.995,0.0,36_215_357,-1,0
tract_1,0.0,0.692,23.53,36_216_318,-1,1
tract_2,0.008,0.032,54.58,36_216_318,-1,1
tract_3,0.0,0.873,21.89,36_216_318,-1,1
tract_4,0.0,0.205,0.0,36_216_318,-1,0
tract_5,0.0,0.796,0.0,36_216_318,-1,0
tract_6,0.0,0.172,0.0,36_216_318,-1,0
tract_7,0.0,0.752,0.0,36_216_318,-1,0
tract_8,0.0,0.566,0.0,36_216_318,-1,0
tract_1,0.251,0.554,33.71,36_218_179,1,1
tract_2,0.0,0.26,14.53,36_218_179,1,1
tract_3,0.0,0.322,5.84,36_218_179,0,0
tract_4,0.0,0.999,0.62,36_218_179,0,0
tract_5,0.0,0.393,0.85,36_218_179,0,0
tract_6,0.0,0.076,1.91,36_218_179,0,0
tract_7,0.0,0.462,11.84,36_218_179,0,0
tract_8,0.072,0.97,30.7,36_218_179,1,1
tract_1,0.33,0.721,37.97,36_226_167,-1,1
tract_2,0.0,0.278,16.37,36_226_167,-1,1
tract_3,0.0,0.452,6.58,36_226_167,-1,0
tract_4,0.0,0.984,0.7,36_226_167,-1,0
tract_5,0.0,0.513,0.72,36_226_167,-1,0
tract_6,0.0,0.102,1.62,36_226_167,-1,0
tract_7,0.0,0.577,10.04,36_226_167,-1,0
tract_8,0.02,0.897,26.01,36_226_167,-1,1
tract_1,0.0,0.329,2.45,36_245_515,0,0
tract_2,0.0,0.21,5.67,36_245_515,0,0
tract_3,0.0,0.053,23.14,36_245_515,1,1
tract_4,0.04,0.969,37.87,36_245_515,1,1
tract_5,0.0,0.138,22.36,36_245_515,1,1
tract_6,0.0,0.022,5.88,36_245_515,0,0
tract_7,0.0,0.214,2.46,36_245_515,0,0
tract_8,0.0,0.986,0.17,36_245_515,0,0
tract_1,0.0,0.5,2.45,36_249_499,-1,0
tract_2,0.0,0.027,5.67,36_249_499,-1,0
tract_3,0.0,0.729,23.14,36_249_499,-1,1
tract_4,0.046,0.425,37.87,36_249_499,-1,1
tract_5,0.0,0.64,22.36,36_249_499,-1,1
tract_6,0.0,0.14,5.88,36_249_499,-1,0
tract_7,0.0,0.583,2.46,36_249_499,-1,0
tract_8,0.0,0.749,0.17,36_249_499,-1,0
tract_1,0.012,0.507,23.54,36_251_241,1,1
tract_2,0.015,0.286,8.06,36_251_241,0,0
tract_3,0.0,0.249,2.55,36_251_241,0,0
tract_4,0.0,0.998,0.17,36_251_241,0,0
tract_5,0.0,0.325,2.52,36_251_241,0,0
tract_6,0.0,0.062,5.66,36_251_241,0,0
tract_7,0.0,0.396,21.94,36_251_241,1,1
tract_8,0.314,0.709,35.57,36_251_241,1,1
tract_1,0.164,0.849,30.02,36_253_187,-1,1
tract_2,0.0,0.297,12.94,36_253_187,-1,0
tract_3,0.0,0.671,5.2,36_253_187,-1,0
tract_4,0.0,0.904,0.55,36_253_187,-1,0
tract_5,0.0,0.71,0.96,36_253_187,-1,0
tract_6,0.0,0.145,2.16,36_253_187,-1,0
tract_7,0.0,0.761,13.41,36_253_187,-1,0
tract_8,0.087,0.579,34.75,36_253_187,-1,1
tract_1,0.0,0.321,23.53,36_255_304,-1,1
tract_2,0.005,0.082,54.58,36_255_304,-1,1
tract_3,0.0,0.579,21.89,36_255_304,-1,1
tract_4,0.0,0.607,0.0,36_255_304,-1,0
tract_5,0.0,0.484,0.0,36_255_304,-1,0
tract_6,0.0,0.106,0.0,36_255_304,-1,0
tract_7,0.0,0.418,0.0,36_255_304,-1,0
tract_8,0.0,0.851,0.0,36_255_304,-1,0
tract_1,0.0,0.693,22.31,36_256_271,-1,1
tract_2,0.01,0.123,9.21,36_256_271,-1,0
tract_3,0.0,0.874,2.42,36_256_271,-1,0
tract_4,0.0,0.203,0.17,36_256_271,-1,0
tract_5,0.0,0.797,2.53,36_256_271,-1,0
tract_6,0.0,0.171,5.67,36_256_271,-1,0
tract_7,0.0,0.754,22.01,36_256_271,-1,1
tract_8,0.11,0.6,35.68,36_256_271,-1,1
tract_1,0.0,0.137,23.53,36_263_370,1,1
tract_2,0.006,0.173,54.58,36_263_370,1,1
tract_3,0.0,0.148,21.89,36_263_370,1,1
tract_4,0.0,0.901,0.0,36_263_370,0,0
tract_5,0.0,0.055,0.0,36_263_370,0,0
tract_6,0.0,0.021,0.0,36_263_370,0,0
tract_7,0.0,0.022,0.0,36_263_370,0,0
tract_8,0.0,0.996,0.0,36_263_370,0,0
tract_1,0.0,0.15,0.0,36_276_333,-1,0
tract_2,0.0,0.094,0.0,36_276_333,-1,0
tract_3,0.0,0.425,0.0,36_276_333,-1,0
tract_4,0.0,0.738,0.0,36_276_333,-1,0
tract_5,0.0,0.329,23.89,36_276_333,-1,1
tract_6,0.006,0.119,53.68,36_276_333,-1,1
tract_7,0.0,0.257,22.43,36_276_333,-1,1
tract_8,0.0,0.94,0.0,36_276_333,-1,0
tract_1,0.0,0.811,20.33,36_287_219,-1,1
tract_2,0.0,0.295,5.48,36_287_219,-1,0
tract_3,0.0,0.626,2.2,36_287_219,-1,0
tract_4,0.0,0.928,0.22,36_287_219,-1,0
tract_5,0.0,0.67,3.27,36_287_219,-1,0
tract_6,0.001,0.114,7.5,36_287_219,-1,0
tract_7,0.059,0.708,28.5,36_287_219,-1,1
tract_8,0.226,0.587,32.5,36_287_219,-1,1
tract_1,0.0,0.389,1.73,36_294_509,-1,0
tract_2,0.0,0.01,4.01,36_294_509,-1,0
tract_3,0.0,0.637,16.37,36_294_509,-1,1
tract_4,0.032,0.535,26.79,36_294_509,-1,1
tract_5,0.025,0.529,37.02,36_294_509,-1,1
tract_6,0.0,0.121,9.73,36_294_509,-1,0
tract_7,0.0,0.481,4.07,36_294_509,-1,0
tract_8,0.0,0.826,0.28,36_294_509,-1,0
tract_1,0.0,0.441,0.0,36_306_354,-1,0
tract_2,0.0,0.235,0.0,36_306_354,-1,0
tract_3,0.0,0.174,0.0,36_306_354,-1,0
tract_4,0.0,0.992,0.0,36_306_354,-1,0
tract_5,0.0,0.254,23.89,36_306_354,-1,1
tract_6,0.104,0.476,53.68,36_306_354,-1,1
tract_7,0.0,0.328,22.43,36_306_354,-1,1
tract_8,0.0,0.961,0.0,36_306_354,-1,0
tract_1,0.0,0.966,0.65,36_336_405,0,0
tract_2,0.0,0.29,0.05,36_336_405,0,0
tract_3,0.0,0.88,2.0,36_336_405,0,0
tract_4,0.036,0.714,12.47,36_336_405,0,0
tract_5,0.074,0.908,27.57,36_336_405,1,1
tract_6,0.257,0.982,37.53,36_336_405,1,1
tract_7,0.0,0.916,15.68,36_336_405,1,1
tract_8,0.0,0.382,4.04,36_336_405,0,0
tract_1,0.0,0.761,0.76,36_346_394,-1,0
tract_2,0.0,0.289,0.05,36_346_394,-1,0
tract_3,0.0,0.558,1.46,36_346_394,-1,0
tract_4,0.02,0.957,9.08,36_346_394,-1,0
tract_5,0.012,0.598,21.61,36_346_394,-1,1
tract_6,0.259,0.848,43.94,36_346_394,-1,1
tract_7,0.0,0.668,18.36,36_346_394,-1,1
tract_8,0.0,0.768,4.73,36_346_394,-1,0
tract_1,0.0,0.685,21.16,36_349_273,-1,1
tract_2,0.0,0.279,5.71,36_349_273,-1,0
tract_3,0.0,0.461,2.29,36_349_273,-1,0
tract_4,0.0,0.982,0.16,36_349_273,-1,0
tract_5,0.0,0.521,2.4,36_349_273,-1,0
tract_6,0.012,0.047,13.56,36_349_273,-1,1
tract_7,0.0,0.585,20.88,36_349_273,-1,1
tract_8,0.05,0.898,33.84,36_349_273,-1,1
tract_1,0.0,0.222,0.63,36_352_495,0,0
tract_2,0.0,0.185,1.45,36_352_495,0,0
tract_3,0.0,0.06,10.01,36_352_495,0,0
tract_4,0.031,0.939,27.74,36_352_495,1,1
tract_5,0.178,0.474,36.41,36_352_495,1,1
tract_6,0.0,0.001,16.21,36_352_495,1,1
tract_7,0.0,0.107,6.78,36_352_495,0,0
tract_8,0.0,0.997,0.78,36_352_495,0,0
tract_1,0.0,0.979,0.0,36_357_308,-1,0
tract_2,0.0,0.254,0.0,36_357_308,-1,0
tract_3,0.0,0.982,0.0,36_357_308,-1,0
tract_4,0.0,0.455,0.0,36_357_308,-1,0
tract_5,0.0,0.959,23.89,36_357_308,-1,1
tract_6,0.052,0.206,53.68,36_357_308,-1,1
tract_7,0.0,0.965,22.43,36_357_308,-1,1
tract_8,0.0,0.077,0.0,36_357_308,-1,0
tract_1,0.0,0.402,0.0,36_376_297,-1,0
tract_2,0.0,0.006,0.0,36_376_297,-1,0
tract_3,0.0,0.649,0.0,36_376_297,-1,0
tract_4,0.0,0.534,0.0,36_376_297,-1,0
tract_5,0.0,0.556,23.89,36_376_297,-1,1
tract_6,0.025,0.162,53.68,36_376_297,-1,1
tract_7,0.0,0.494,22.43,36_376_297,-1,1
tract_8,0.0,0.817,0.0,36_376_297,-1,0
tract_1,0.0,0.281,0.0,36_382_350,0,0
tract_2,0.0,0.199,0.0,36_382_350,0,0
tract_3,0.0,0.001,0.0,36_382_350,0,0
tract_4,0.0,0.955,0.0,36_382_350,0,0
tract_5,0.0,0.09,23.89,36_382_350,1,1
tract_6,0.003,0.027,53.68,36_382_350,1,1
tract_7,0.0,0.165,22.43,36_382_350,1,1
tract_8,0.0,0.993,0.0,36_382_350,0,0
tract_1,0.0,0.811,2.96,37_214_457,0,0
tract_2,0.004,0.322,7.22,37_214_457,0,0
tract_3,0.078,0.647,27.99,37_214_457,1,1
tract_4,0.372,0.965,34.06,37_214_457,1,1
tract_5,0.0,0.67,20.12,37_214_457,1,1
tract_6,0.0,0.136,5.29,37_214_457,0,0
tract_7,0.0,0.724,2.21,37_214_457,0,0
tract_8,0.0,0.712,0.15,37_214_457,0,0
tract_1,0.0,0.911,19.47,37_216_299,-1,1
tract_2,0.053,0.182,45.17,37_216_299,-1,1
tract_3,0.0,0.775,18.12,37_216_299,-1,1
tract_4,0.0,0.829,4.44,37_216_299,-1,0
tract_5,0.0,0.8,0.64,37_216_299,-1,0
tract_6,0.0,0.165,0.12,37_216_299,-1,0
tract_7,0.0,0.842,1.72,37_216_299,-1,0
tract_8,0.006,0.586,10.32,37_216_299,-1,1
tract_1,0.0,0.46,2.75,37_217_485,0,0
tract_2,0.0,0.239,6.37,37_217_485,0,0
tract_3,0.026,0.204,25.98,37_217_485,1,1
tract_4,0.227,0.988,35.76,37_217_485,1,1
tract_5,0.0,0.275,21.12,37_217_485,1,1
tract_6,0.0,0.051,5.55,37_217_485,0,0
tract_7,0.0,0.347,2.32,37_217_485,0,0
tract_8,0.0,0.954,0.16,37_217_485,0,0
tract_1,0.0,0.985,23.53,37_220_325,1,1
tract_2,0.08,0.309,54.58,37_220_325,1,1
tract_3,0.0,0.964,21.89,37_220_325,1,1
tract_4,0.0,0.527,0.0,37_220_325,0,0
tract_5,0.0,0.949,0.0,37_220_325,0,0
tract_6,0.0,0.199,0.0,37_220_325,0,0
tract_7,0.0,0.961,0.0,37_220_325,0,0
tract_8,0.0,0.158,0.0,37_220_325,0,0
tract_1,0.0,0.619,20.06,37_222_256,-1,1
tract_2,0.031,0.176,18.39,37_222_256,-1,1
tract_3,0.0,0.822,2.17,37_222_256,-1,0
tract_4,0.0,0.299,0.15,37_222_256,-1,0
tract_5,0.0,0.74,2.27,37_222_256,-1,0
tract_6,0.0,0.16,5.1,37_222_256,-1,0
tract_7,0.0,0.69,19.78,37_222_256,-1,1
tract_8,0.076,0.328,32.07,37_222_256,-1,1
tract_1,0.0,0.844,2.96,37_235_519,0,0
tract_2,0.0,0.297,6.85,37_235_519,0,0
tract_3,0.007,0.673,27.96,37_235_519,1,1
tract_4,0.034,0.904,34.28,37_235_519,1,1
tract_5,0.0,0.711,20.25,37_235_519,1,1
tract_6,0.0,0.145,5.32,37_235_519,0,0
tract_7,0.0,0.762,2.23,37_235_519,0,0
tract_8,0.0,0.667,0.15,37_235_519,0,0
tract_1,0.0,0.348,2.45,37_240_515,0,0
tract_2,0.0,0.024,5.67,37_240_515,0,0
tract_3,0.0,0.602,23.14,37_240_515,1,1
tract_4,0.026,0.58,37.87,37_240_515,1,1
tract_5,0.0,0.508,22.36,37_240_515,1,1
tract_6,0.0,0.113,5.88,37_240_515,0,0
tract_7,0.0,0.444,2.46,37_240_515,0,0
tract_8,0.0,0.85,0.17,37_240_515,0,0
tract_1,0.0,0.348,23.53,37_248_324,1,1
tract_2,0.012,0.108,54.58,37_248_324,1,1
tract_3,0.0,0.602,21.89,37_248_324,1,1
tract_4,0.0,0.584,0.0,37_248_324,0,0
tract_5,0.0,0.508,0.0,37_248_324,0,0
tract_6,0.0,0.113,0.0,37_248_324,0,0
tract_7,0.0,0.443,0.0,37_248_324,0,0
tract_8,0.0,0.85,0.0,37_248_324,0,0
tract_1,0.0,0.967,2.35,37_252_417,0,0
tract_2,0.014,0.287,9.65,37_252_417,0,0
tract_3,0.0,0.993,22.17,37_252_417,1,1
tract_4,0.118,0.556,36.27,37_252_417,1,1
tract_5,0.0,0.962,21.42,37_252_417,1,1
tract_6,0.0,0.201,5.63,37_252_417,0,0
tract_7,0.0,0.962,2.36,37_252_417,0,0
tract_8,0.0,0.006,0.16,37_252_417,0,0
tract_1,0.0,0.973,22.53,37_260_274,-1,1
tract_2,0.01,0.265,8.34,37_260_274,-1,0
tract_3,0.0,0.989,2.44,37_260_274,-1,0
tract_4,0.0,0.412,0.17,37_260_274,-1,0
tract_5,0.0,0.961,2.55,37_260_274,-1,0
tract_6,0.0,0.182,5.73,37_260_274,-1,0
tract_7,0.0,0.964,22.22,37_260_274,-1,1
tract_8,0.156,0.97,36.02,37_260_274,-1,1
tract_1,0.0,0.085,2.42,37_267_408,-1,0
tract_2,0.002,0.114,6.68,37_267_408,-1,0
tract_3,0.0,0.364,22.83,37_267_408,-1,1
tract_4,0.085,0.683,37.36,37_267_408,-1,1
tract_5,0.0,0.268,22.06,37_267_408,-1,1
tract_6,0.001,0.072,6.06,37_267_408,-1,0
tract_7,0.0,0.195,2.43,37_267_408,-1,0
tract_8,0.0,0.96,0.16,37_267_408,-1,0
tract_1,0.01,0.692,15.37,37_289_182,-1,0
tract_2,0.0,0.1,2.56,37_289_182,-1,0
tract_3,0.0,0.875,1.03,37_289_182,-1,0
tract_4,0.0,0.201,0.58,37_289_182,-1,0
tract_5,0.0,0.798,5.28,37_289_182,-1,0
tract_6,0.0,0.172,11.85,37_289_182,-1,0
tract_7,0.146,0.8,28.34,37_289_182,-1,1
tract_8,0.09,0.675,35.0,37_289_182,-1,1
tract_1,0.0,0.811,0.77,37_298_394,0,0
tract_2,0.0,0.15,0.05,37_298_394,0,0
tract_3,0.0,0.948,1.07,37_298_394,0,0
tract_4,0.001,0.012,6.64,37_298_394,0,0
tract_5,0.008,0.883,23.49,37_298_394,1,1
tract_6,0.094,0.714,44.56,37_298_394,1,1
tract_7,0.0,0.852,18.62,37_298_394,1,1
tract_8,0.0,0.402,4.8,37_298_394,0,0
tract_1,0.0,0.782,0.68,37_298_403,0,0
tract_2,0.0,0.137,0.05,37_298_403,0,0
tract_3,0.0,0.931,1.9,37_298_403,0,0
tract_4,0.012,0.098,11.83,37_298_403,0,0
tract_5,0.018,0.859,25.42,37_298_403,1,1
tract_6,0.09,0.678,39.4,37_298_403,1,1
tract_7,0.0,0.828,16.47,37_298_403,1,1
tract_8,0.0,0.448,4.24,37_298_403,0,0
tract_1,0.0,0.118,2.01,37_300_394,-1,0
tract_2,0.0,0.159,4.65,37_300_394,-1,0
tract_3,0.0,0.166,18.95,37_300_394,-1,1
tract_4,0.078,0.895,31.02,37_300_394,-1,1
tract_5,0.001,0.065,18.7,37_300_394,-1,1
tract_6,0.044,0.294,22.48,37_300_394,-1,1
tract_7,0.0,0.003,2.06,37_300_394,-1,0
tract_8,0.0,0.995,0.14,37_300_394,-1,0
tract_1,0.0,0.977,0.0,37_308_338,-1,0
tract_2,0.0,0.284,0.0,37_308_338,-1,0
tract_3,0.0,0.911,0.0,37_308_338,-1,0
tract_4,0.0,0.656,0.0,37_308_338,-1,0
tract_5,0.0,0.911,23.89,37_308_338,-1,1
tract_6,0.012,0.048,53.68,37_308_338,-1,1
tract_7,0.0,0.935,22.43,37_308_338,-1,1
tract_8,0.0,0.314,0.0,37_308_338,-1,0
tract_1,0.0,0.984,0.86,37_308_474,0,0
tract_2,0.0,0.277,2.0,37_308_474,0,0
tract_3,0.0,0.938,13.84,37_308_474,1,1
tract_4,0.114,0.496,38.35,37_308_474,1,1
tract_5,0.139,0.965,27.19,37_308_474,1,1
tract_6,0.0,0.194,12.11,37_308_474,0,0
tract_7,0.0,0.95,5.06,37_308_474,0,0
tract_8,0.0,0.246,0.58,37_308_474,0,0
tract_1,0.0,0.898,10.34,37_314_186,-1,1
tract_2,0.0,0.193,1.72,37_314_186,-1,0
tract_3,0.0,0.988,0.69,37_314_186,-1,0
tract_4,0.0,0.159,0.76,37_314_186,-1,0
tract_5,0.0,0.937,6.93,37_314_186,-1,0
tract_6,0.0,0.199,15.55,37_314_186,-1,1
tract_7,0.296,0.854,37.21,37_314_186,-1,1
tract_8,0.031,0.242,26.8,37_314_186,-1,1
tract_1,0.0,0.985,0.0,37_314_535,-1,0
tract_2,0.0,0.276,0.0,37_314_535,-1,0
tract_3,0.0,0.942,0.0,37_314_535,-1,0
tract_4,0.0,0.592,0.0,37_314_535,-1,0
tract_5,0.214,0.985,61.3,37_314_535,-1,1
tract_6,0.0,0.195,27.29,37_314_535,-1,1
tract_7,0.0,0.951,11.41,37_314_535,-1,1
tract_8,0.0,0.235,0.0,37_314_535,-1,0
tract_1,0.0,0.82,17.8,37_317_276,1,1
tract_2,0.0,0.154,4.8,37_317_276,0,0
tract_3,0.0,0.953,1.93,37_317_276,0,0
tract_4,0.0,0.002,0.14,37_317_276,0,0
tract_5,0.0,0.889,2.02,37_317_276,0,0
tract_6,0.031,0.124,27.32,37_317_276,1,1
tract_7,0.0,0.859,17.55,37_317_276,0,0
tract_8,0.039,0.34,28.46,37_317_276,1,1
tract_1,0.0,0.971,0.0,37_321_321,0,0
tract_2,0.0,0.244,0.0,37_321_321,0,0
tract_3,0.0,0.991,0.0,37_321_321,0,0
tract_4,0.0,0.401,0.0,37_321_321,0,0
tract_5,0.0,0.962,23.89,37_321_321,1,1
tract_6,0.003,0.009,53.68,37_321_321,1,1
tract_7,0.0,0.963,22.43,37_321_321,1,1
tract_8,0.0,0.017,0.0,37_321_321,0,0
tract_1,0.0,0.333,0.85,37_324_491,-1,0
tract_2,0.0,0.029,1.97,37_324_491,-1,0
tract_3,0.0,0.589,13.63,37_324_491,-1,0
tract_4,0.059,0.613,37.76,37_324_491,-1,1
tract_5,0.076,0.251,27.7,37_324_491,-1,1
tract_6,0.0,0.11,12.33,37_324_491,-1,0
tract_7,0.0,0.429,5.16,37_324_491,-1,0
tract_8,0.0,0.859,0.59,37_324_491,-1,0
tract_1,0.0,0.584,0.0,37_338_528,-1,0
tract_2,0.0,0.262,0.0,37_338_528,-1,0
tract_3,0.0,0.338,0.0,37_338_528,-1,0
tract_4,0.0,0.998,0.0,37_338_528,-1,0
tract_5,0.272,0.664,61.3,37_338_528,-1,1
tract_6,0.0,0.079,27.29,37_338_528,-1,1
tract_7,0.0,0.477,11.41,37_338_528,-1,1
tract_8,0.0,0.901,0.0,37_338_528,-1,0
tract_1,0.0,0.404,10.47,37_354_176,-1,1
tract_2,0.0,0.005,1.74,37_354_176,-1,0
tract_3,0.0,0.65,0.7,37_354_176,-1,0
tract_4,0.0,0.533,0.76,37_354_176,-1,0
tract_5,0.0,0.558,6.87,37_354_176,-1,0
tract_6,0.0,0.123,15.42,37_354_176,-1,1
tract_7,0.124,0.28,36.9,37_354_176,-1,1
tract_8,0.015,0.778,27.15,37_354_176,-1,1
tract_1,0.0,0.876,0.0,37_356_328,-1,0
tract_2,0.0,0.181,0.0,37_356_328,-1,0
tract_3,0.0,0.979,0.0,37_356_328,-1,0
tract_4,0.0,0.108,0.0,37_356_328,-1,0
tract_5,0.0,0.924,23.89,37_356_328,-1,1
tract_6,0.084,0.282,53.68,37_356_328,-1,1
tract_7,0.0,0.902,22.43,37_356_328,-1,1
tract_8,0.0,0.283,0.0,37_356_328,-1,0
tract_1,0.0,0.894,9.47,37_363_180,-1,0
tract_2,0.0,0.191,1.57,37_363_180,-1,0
tract_3,0.0,0.987,0.63,37_363_180,-1,0
tract_4,0.0,0.151,0.8,37_363_180,-1,0
tract_5,0.0,0.935,7.31,37_363_180,-1,0
tract_6,0.0,0.199,16.41,37_363_180,-1,1
tract_7,0.259,0.837,39.26,37_363_180,-1,1
tract_8,0.002,0.207,24.54,37_363_180,-1,1
tract_1,0.0,0.367,0.64,37_364_445,-1,0
tract_2,0.0,0.219,1.48,37_364_445,-1,0
tract_3,0.0,0.093,10.25,37_364_445,-1,0
tract_4,0.012,0.978,28.42,37_364_445,-1,1
tract_5,0.057,0.227,35.43,37_364_445,-1,1
tract_6,0.001,0.042,16.42,37_364_445,-1,1
tract_7,0.0,0.252,6.6,37_364_445,-1,0
tract_8,0.0,0.979,0.76,37_364_445,-1,0
tract_1,0.0,0.782,9.92,37_372_234,-1,0
tract_2,0.0,0.137,1.65,37_372_234,-1,0
tract_3,0.0,0.931,0.66,37_372_234,-1,0
tract_4,0.0,0.068,0.71,37_372_234,-1,0
tract_5,0.0,0.863,6.42,37_372_234,-1,0
tract_6,0.008,0.162,20.42,37_372_234,-1,1
tract_7,0.045,0.822,34.5,37_372_234,-1,1
tract_8,0.006,0.428,25.72,37_372_234,-1,1
tract_1,0.0,0.932,0.0,37_375_220,0,0
tract_2,0.0,0.214,0.0,37_375_220,0,0
tract_3,0.0,0.996,0.0,37_375_220,0,0
tract_4,0.0,0.252,0.0,37_375_220,0,0
tract_5,0.0,0.953,11.28,37_375_220,1,1
tract_6,0.004,0.174,28.12,37_375_220,1,1
tract_7,0.088,0.934,60.6,37_375_220,1,1
tract_8,0.0,0.118,0.0,37_375_220,0,0
tract_1,0.0,0.769,0.0,37_376_519,0,0
tract_2,0.0,0.29,0.0,37_376_519,0,0
tract_3,0.0,0.569,0.0,37_376_519,0,0
tract_4,0.0,0.952,0.0,37_376_519,0,0
tract_5,0.198,0.839,61.3,37_376_519,1,1
tract_6,0.0,0.125,27.29,37_376_519,1,1
tract_7,0.0,0.677,11.41,37_376_519,1,1
tract_8,0.0,0.76,0.0,37_376_519,0,0
tract_1,0.0,0.465,0.0,37_383_401,0,0
tract_2,0.0,0.015,0.0,37_383_401,0,0
tract_3,0.0,0.701,0.0,37_383_401,0,0
tract_4,0.0,0.473,0.0,37_383_401,0,0
tract_5,0.013,0.609,45.72,37_383_401,1,1
tract_6,0.017,0.177,38.28,37_383_401,1,1
tract_7,0.0,0.551,16.0,37_383_401,1,1
tract_8,0.0,0.775,0.0,37_383_401,0,0
tract_1,0.0,0.652,2.73,38_221_470,-1,0
tract_2,0.0,0.277,6.33,38_221_470,-1,0
tract_3,0.036,0.438,25.81,38_221_470,-1,1
tract_4,0.335,0.993,35.89,38_221_470,-1,1
tract_5,0.0,0.484,21.19,38_221_470,-1,1
tract_6,0.0,0.096,5.57,38_221_470,-1,0
tract_7,0.0,0.55,2.33,38_221_470,-1,0
tract_8,0.0,0.859,0.16,38_221_470,-1,0
tract_1,0.0,0.774,23.53,38_226_363,-1,1
tract_2,0.151,0.785,54.58,38_226_363,-1,1
tract_3,0.0,0.576,21.89,38_226_363,-1,1
tract_4,0.0,0.949,0.0,38_226_363,-1,0
tract_5,0.0,0.625,0.0,38_226_363,-1,0
tract_6,0.0,0.126,0.0,38_226_363,-1,0
tract_7,0.0,0.683,0.0,38_226_363,-1,0
tract_8,0.0,0.754,0.0,38_226_363,-1,0
tract_1,0.046,0.42,31.48,38_240_224,1,1
tract_2,0.003,0.063,9.35,38_240_224,0,0
tract_3,0.0,0.705,3.41,38_240_224,0,0
tract_4,0.0,0.467,0.14,38_240_224,0,0
tract_5,0.0,0.615,2.13,38_240_224,0,0
tract_6,0.0,0.135,4.79,38_240_224,0,0
tract_7,0.0,0.556,18.57,38_240_224,1,1
tract_8,0.11,0.215,30.11,38_240_224,1,1
tract_1,0.02,0.361,24.52,38_254_231,-1,1
tract_2,0.009,0.234,7.78,38_254_231,-1,0
tract_3,0.0,0.081,2.65,38_254_231,-1,0
tract_4,0.0,0.976,0.17,38_254_231,-1,0
tract_5,0.0,0.166,2.49,38_254_231,-1,0
tract_6,0.0,0.027,5.59,38_254_231,-1,0
tract_7,0.0,0.241,21.67,38_254_231,-1,1
tract_8,0.271,0.471,35.13,38_254_231,-1,1
tract_1,0.0,0.97,2.43,38_258_447,-1,0
tract_2,0.004,0.261,6.28,38_258_447,-1,0
tract_3,0.0,0.991,22.99,38_258_447,-1,1
tract_4,0.24,0.552,37.62,38_258_447,-1,1
tract_5,0.0,0.962,22.22,38_258_447,-1,1
tract_6,0.0,0.202,5.84,38_258_447,-1,0
tract_7,0.0,0.963,2.44,38_258_447,-1,0
tract_8,0.0,0.011,0.17,38_258_447,-1,0
tract_1,0.0,0.692,19.44,38_265_360,-1,1
tract_2,0.011,0.211,45.08,38_265_360,-1,1
tract_3,0.0,0.47,18.08,38_265_360,-1,1
tract_4,0.0,0.981,0.0,38_265_360,-1,0
tract_5,0.0,0.529,0.0,38_265_360,-1,0
tract_6,0.004,0.209,17.4,38_265_360,-1,1
tract_7,0.0,0.592,0.0,38_265_360,-1,0
tract_8,0.0,0.83,0.0,38_265_360,-1,0
tract_1,0.063,0.588,29.44,38_266_196,1,1
tract_2,0.0,0.263,7.94,38_266_196,0,0
tract_3,0.0,0.339,3.19,38_266_196,0,0
tract_4,0.0,0.998,0.17,38_266_196,0,0
tract_5,0.0,0.409,2.57,38_266_196,0,0
tract_6,0.0,0.079,5.77,38_266_196,0,0
tract_7,0.026,0.469,22.4,38_266_196,1,1
tract_8,0.156,0.801,28.51,38_266_196,1,1
tract_1,0.0,0.266,18.43,38_277_305,1,1
tract_2,0.0,0.054,4.97,38_277_305,0,0
tract_3,0.0,0.53,2.0,38_277_305,0,0
tract_4,0.0,0.653,0.14,38_277_305,0,0
tract_5,0.0,0.434,2.09,38_277_305,0,0
tract_6,0.006,0.072,24.74,38_277_305,1,1
tract_7,0.0,0.366,18.18,38_277_305,0,0
tract_8,0.009,0.866,29.47,38_277_305,1,1
tract_1,0.0,0.787,2.15,38_301_435,-1,0
tract_2,0.0,0.292,4.98,38_301_435,-1,0
tract_3,0.0,0.593,20.3,38_301_435,-1,1
tract_4,0.262,0.908,33.22,38_301_435,-1,1
tract_5,0.061,0.65,27.33,38_301_435,-1,1
tract_6,0.013,0.236,8.81,38_301_435,-1,0
tract_7,0.0,0.697,3.01,38_301_435,-1,0
tract_8,0.0,0.74,0.2,38_301_435,-1,0
tract_1,0.0,0.679,0.57,38_305_520,-1,0
tract_2,0.0,0.094,1.33,38_305_520,-1,0
tract_3,0.0,0.864,9.16,38_305_520,-1,0
tract_4,0.009,0.223,25.38,38_305_520,-1,1
tract_5,0.13,0.754,38.46,38_305_520,-1,1
tract_6,0.0,0.17,17.12,38_305_520,-1,1
tract_7,0.0,0.741,7.16,38_305_520,-1,0
tract_8,0.0,0.581,0.82,38_305_520,-1,0
tract_1,0.0,0.677,0.64,38_325_430,-1,0
tract_2,0.0,0.093,1.49,38_325_430,-1,0
tract_3,0.0,0.862,10.29,38_325_430,-1,1
tract_4,0.059,0.368,28.51,38_325_430,-1,1
tract_5,0.147,0.807,28.84,38_325_430,-1,1
tract_6,0.058,0.518,24.24,38_325_430,-1,1
tract_7,0.0,0.74,5.37,38_325_430,-1,0
tract_8,0.0,0.583,0.62,38_325_430,-1,0
tract_1,0.0,0.736,0.0,38_331_328,-1,0
tract_2,0.0,0.286,0.0,38_331_328,-1,0
tract_3,0.0,0.525,0.0,38_331_328,-1,0
tract_4,0.0,0.966,0.0,38_331_328,-1,0
tract_5,0.0,0.58,23.89,38_331_328,-1,1
tract_6,0.023,0.052,53.68,38_331_328,-1,1
tract_7,0.0,0.64,22.43,38_331_328,-1,1
tract_8,0.0,0.793,0.0,38_331_328,-1,0
tract_1,0.0,0.417,0.0,38_336_320,-1,0
tract_2,0.0,0.23,0.0,38_336_320,-1,0
tract_3,0.0,0.148,0.0,38_336_320,-1,0
tract_4,0.0,0.988,0.0,38_336_320,-1,0
tract_5,0.0,0.23,23.89,38_336_320,-1,1
tract_6,0.051,0.119,53.68,38_336_320,-1,1
tract_7,0.0,0.304,22.43,38_336_320,-1,1
tract_8,0.0,0.967,0.0,38_336_320,-1,0
tract_1,0.0,0.932,0.0,38_340_345,0,0
tract_2,0.0,0.297,0.0,38_340_345,0,0
tract_3,0.0,0.813,0.0,38_340_345,0,0
tract_4,0.0,0.793,0.0,38_340_345,0,0
tract_5,0.0,0.832,23.89,38_340_345,1,1
tract_6,0.373,0.922,53.68,38_340_345,1,1
tract_7,0.0,0.87,22.43,38_340_345,1,1
tract_8,0.0,0.496,0.0,38_340_345,0,0
tract_1,0.0,0.034,2.03,38_344_426,-1,0
tract_2,0.0,0.137,4.69,38_344_426,-1,0
tract_3,0.0,0.25,19.14,38_344_426,-1,1
tract_4,0.079,0.87,31.32,38_344_426,-1,1
tract_5,0.03,0.159,30.37,38_344_426,-1,1
tract_6,0.002,0.019,8.89,38_344_426,-1,0
tract_7,0.0,0.079,3.34,38_344_426,-1,0
tract_8,0.0,0.986,0.23,38_344_426,-1,0
tract_1,0.0,0.484,0.56,38_356_509,-1,0
tract_2,0.0,0.244,1.3,38_356_509,-1,0
tract_3,0.0,0.223,8.97,38_356_509,-1,0
tract_4,0.013,0.997,24.85,38_356_509,-1,1
tract_5,0.271,0.667,38.92,38_356_509,-1,1
tract_6,0.0,0.056,17.32,38_356_509,-1,1
tract_7,0.0,0.373,7.25,38_356_509,-1,0
tract_8,0.0,0.946,0.83,38_356_509,-1,0
tract_1,0.0,0.762,0.68,38_357_452,0,0
tract_2,0.0,0.289,1.57,38_357_452,0,0
tract_3,0.0,0.559,10.87,38_357_452,0,0
tract_4,0.06,0.946,30.11,38_357_452,1,1
tract_5,0.201,0.646,33.9,38_357_452,1,1
tract_6,0.004,0.123,15.83,38_357_452,1,1
tract_7,0.0,0.669,6.31,38_357_452,0,0
tract_8,0.0,0.767,0.72,38_357_452,0,0
tract_1,0.0,0.96,0.57,38_359_464,-1,0
tract_2,0.0,0.292,1.32,38_359_464,-1,0
tract_3,0.0,0.866,9.12,38_359_464,-1,0
tract_4,0.026,0.714,25.26,38_359_464,-1,1
tract_5,0.398,0.942,38.56,38_359_464,-1,1
tract_6,0.0,0.175,17.16,38_359_464,-1,1
tract_7,0.0,0.907,7.18,38_359_464,-1,0
tract_8,0.0,0.408,0.82,38_359_464,-1,0
tract_1,0.0,0.727,3.19,38_364_286,-1,0
tract_2,0.0,0.113,0.22,38_364_286,-1,0
tract_3,0.0,0.896,0.72,38_364_286,-1,0
tract_4,0.0,0.154,4.49,38_364_286,-1,0
tract_5,0.0,0.822,17.1,38_364_286,-1,1
tract_6,0.024,0.101,38.4,38_364_286,-1,1
tract_7,0.0,0.783,16.05,38_364_286,-1,1
tract_8,0.01,0.507,19.82,38_364_286,-1,1
tract_1,0.0,0.986,0.54,38_367_497,0,0
tract_2,0.0,0.269,1.25,38_367_497,0,0
tract_3,0.0,0.958,8.64,38_367_497,0,0
tract_4,0.004,0.539,23.94,38_367_497,1,1
tract_5,0.346,0.963,39.71,38_367_497,1,1
tract_6,0.0,0.198,17.68,38_367_497,1,1
tract_7,0.0,0.959,7.39,38_367_497,0,0
tract_8,0.0,0.182,0.85,38_367_497,0,0
tract_1,0.0,0.926,0.0,38_371_371,-1,0
tract_2,0.0,0.21,0.0,38_371_371,-1,0
tract_3,0.0,0.995,0.0,38_371_371,-1,0
tract_4,0.0,0.234,0.0,38_371_371,-1,0
tract_5,0.0,0.951,23.89,38_371_371,-1,1
tract_6,0.018,0.085,53.68,38_371_371,-1,1
tract_7,0.0,0.938,22.43,38_371_371,-1,1
tract_8,0.0,0.159,0.0,38_371_371,-1,0
tract_1,0.0,0.193,0.0,38_380_478,-1,0
tract_2,0.0,0.178,0.0,38_380_478,-1,0
tract_3,0.0,0.091,0.0,38_380_478,-1,0
tract_4,0.0,0.924,0.0,38_380_478,-1,0
tract_5,0.037,0.189,61.3,38_380_478,-1,1
tract_6,0.0,0.007,27.29,38_380_478,-1,1
tract_7,0.0,0.077,11.41,38_380_478,-1,0
tract_8,0.0,0.998,0.0,38_380_478,-1,0
tract_1,0.143,0.338,32.49,39_232_171,-1,1
tract_2,0.0,0.02,14.01,39_232_171,-1,0
tract_3,0.0,0.613,5.63,39_232_171,-1,0
tract_4,0.0,0.573,0.6,39_232_171,-1,0
tract_5,0.0,0.519,0.89,39_232_171,-1,0
tract_6,0.0,0.115,1.99,39_232_171,-1,0
tract_7,0.0,0.454,12.36,39_232_171,-1,0
tract_8,0.052,0.785,32.04,39_232_171,-1,1
tract_1,0.0,0.443,23.53,39_239_353,-1,1
tract_2,0.071,0.394,54.58,39_239_353,-1,1
tract_3,0.0,0.683,21.89,39_239_353,-1,1
tract_4,0.0,0.495,0.0,39_239_353,-1,0
tract_5,0.0,0.592,0.0,39_239_353,-1,0
tract_6,0.0,0.13,0.0,39_239_353,-1,0
tract_7,0.0,0.531,0.0,39_239_353,-1,0
tract_8,0.0,0.79,0.0,39_239_353,-1,0
tract_1,0.0,0.27,23.53,39_240_323,-1,1
tract_2,0.027,0.179,54.58,39_240_323,-1,1
tract_3,0.0,0.01,21.89,39_240_323,-1,1
tract_4,0.0,0.952,0.0,39_240_323,-1,0
tract_5,0.0,0.079,0.0,39_240_323,-1,0
tract_6,0.0,0.009,0.0,39_240_323,-1,0
tract_7,0.0,0.155,0.0,39_240_323,-1,0
tract_8,0.0,0.994,0.0,39_240_323,-1,0
tract_1,0.0,0.946,23.53,39_240_377,-1,1
tract_2,0.15,0.962,54.58,39_240_377,-1,1
tract_3,0.0,0.837,21.89,39_240_377,-1,1
tract_4,0.0,0.767,0.0,39_240_377,-1,0
tract_5,0.0,0.852,0.0,39_240_377,-1,0
tract_6,0.0,0.176,0.0,39_240_377,-1,0
tract_7,0.0,0.887,0.0,39_240_377,-1,0
tract_8,0.0,0.457,0.0,39_240_377,-1,0
tract_1,0.0,0.865,0.0,39_242_529,-1,0
tract_2,0.0,0.176,0.0,39_242_529,-1,0
tract_3,0.0,0.975,0.0,39_242_529,-1,0
tract_4,0.0,0.085,0.0,39_242_529,-1,0
tract_5,0.0,0.918,0.0,39_242_529,-1,0
tract_6,0.0,0.195,0.0,39_242_529,-1,0
tract_7,0.0,0.894,0.0,39_242_529,-1,0
tract_8,0.0,0.305,0.0,39_242_529,-1,0
tract_1,0.0,0.6,2.45,39_260_481,-1,0
tract_2,0.0,0.063,5.67,39_260_481,-1,0
tract_3,0.0,0.806,23.14,39_260_481,-1,1
tract_4,0.073,0.273,37.87,39_260_481,-1,1
tract_5,0.0,0.723,22.36,39_260_481,-1,1
tract_6,0.0,0.157,5.88,39_260_481,-1,0
tract_7,0.0,0.672,2.46,39_260_481,-1,0
tract_8,0.0,0.663,0.17,39_260_481,-1,0
tract_1,0.013,0.168,24.91,39_262_220,-1,1
tract_2,0.001,0.074,7.11,39_262_220,-1,0
tract_3,0.0,0.453,2.7,39_262_220,-1,0
tract_4,0.0,0.717,0.18,39_262_220,-1,0
tract_5,0.0,0.357,2.59,39_262_220,-1,0
tract_6,0.0,0.082,5.87,39_262_220,-1,0
tract_7,0.006,0.289,22.56,39_262_220,-1,1
tract_8,0.125,0.271,34.09,39_262_220,-1,1
tract_1,0.0,0.973,2.43,39_264_437,-1,0
tract_2,0.003,0.277,6.26,39_264_437,-1,0
tract_3,0.0,0.989,22.98,39_264_437,-1,1
tract_4,0.178,0.527,37.61,39_264_437,-1,1
tract_5,0.0,0.961,22.21,39_264_437,-1,1
tract_6,0.0,0.196,5.89,39_264_437,-1,0
tract_7,0.0,0.964,2.44,39_264_437,-1,0
tract_8,0.0,0.031,0.17,39_264_437,-1,0
tract_1,0.095,0.788,34.44,39_265_192,1,1
tract_2,0.0,0.292,9.29,39_265_192,0,0
tract_3,0.0,0.587,3.73,39_265_192,0,0
tract_4,0.0,0.945,0.16,39_265_192,0,0
tract_5,0.0,0.635,2.41,39_265_192,0,0
tract_6,0.0,0.128,5.41,39_265_192,0,0
tract_7,0.031,0.688,21.0,39_265_192,1,1
tract_8,0.114,0.617,23.56,39_265_192,1,1
tract_1,0.0,0.272,0.0,39_284_322,0,0
tract_2,0.0,0.048,0.0,39_284_322,0,0
tract_3,0.0,0.536,0.0,39_284_322,0,0
tract_4,0.0,0.648,0.0,39_284_322,0,0
tract_5,0.0,0.44,23.89,39_284_322,1,1
tract_6,0.014,0.116,53.68,39_284_322,1,1
tract_7,0.0,0.372,22.43,39_284_322,1,1
tract_8,0.0,0.89,0.0,39_284_322,0,0
tract_1,0.0,0.671,0.0,39_302_341,-1,0
tract_2,0.0,0.277,0.0,39_302_341,-1,0
tract_3,0.0,0.443,0.0,39_302_341,-1,0
tract_4,0.0,0.986,0.0,39_302_341,-1,0
tract_5,0.0,0.505,23.89,39_302_341,-1,1
tract_6,0.024,0.114,53.68,39_302_341,-1,1
tract_7,0.0,0.57,22.43,39_302_341,-1,1
tract_8,0.0,0.846,0.0,39_302_341,-1,0
tract_1,0.0,0.215,2.21,39_307_403,-1,0
tract_2,0.0,0.065,5.12,39_307_403,-1,0
tract_3,0.0,0.485,20.88,39_307_403,-1,1
tract_4,0.076,0.716,34.17,39_307_403,-1,1
tract_5,0.011,0.369,25.28,39_307_403,-1,1
tract_6,0.006,0.036,9.37,39_307_403,-1,0
tract_7,0.0,0.319,2.78,39_307_403,-1,0
tract_8,0.0,0.915,0.19,39_307_403,-1,0
tract_1,0.0,0.968,0.76,39_308_501,-1,0
tract_2,0.0,0.289,1.76,39_308_501,-1,0
tract_3,0.0,0.886,12.14,39_308_501,-1,0
tract_4,0.074,0.699,33.64,39_308_501,-1,1
tract_5,0.152,0.95,31.28,39_308_501,-1,1
tract_6,0.0,0.185,13.93,39_308_501,-1,0
tract_7,0.0,0.92,5.82,39_308_501,-1,0
tract_8,0.0,0.369,0.67,39_308_501,-1,0
tract_1,0.0,0.059,22.35,39_317_243,-1,1
tract_2,0.0,0.143,6.02,39_317_243,-1,0
tract_3,0.0,0.225,2.42,39_317_243,-1,0
tract_4,0.0,0.864,0.18,39_317_243,-1,0
tract_5,0.0,0.13,2.63,39_317_243,-1,0
tract_6,0.009,0.09,7.75,39_317_243,-1,0
tract_7,0.004,0.089,22.92,39_317_243,-1,1
tract_8,0.183,0.542,35.73,39_317_243,-1,1
tract_1,0.0,0.402,11.51,39_321_183,-1,1
tract_2,0.0,0.226,1.91,39_321_183,-1,0
tract_3,0.0,0.131,0.77,39_321_183,-1,0
tract_4,0.0,0.985,0.71,39_321_183,-1,0
tract_5,0.0,0.213,6.41,39_321_183,-1,0
tract_6,0.0,0.038,14.4,39_321_183,-1,1
tract_7,0.388,0.835,34.45,39_321_183,-1,1
tract_8,0.097,0.98,29.84,39_321_183,-1,1
tract_1,0.0,0.177,1.93,39_321_464,0,0
tract_2,0.0,0.077,4.46,39_321_464,0,0
tract_3,0.0,0.45,18.19,39_321_464,1,1
tract_4,0.186,0.798,29.77,39_321_464,1,1
tract_5,0.097,0.319,33.07,39_321_464,1,1
tract_6,0.0,0.084,8.69,39_321_464,0,0
tract_7,0.0,0.283,3.64,39_321_464,0,0
tract_8,0.0,0.93,0.25,39_321_464,0,0
tract_1,0.0,0.983,0.45,39_361_417,-1,0
tract_2,0.0,0.259,1.04,39_361_417,-1,0
tract_3,0.0,0.975,7.22,39_361_417,-1,0
tract_4,0.011,0.492,20.0,39_361_417,-1,1
tract_5,0.138,0.976,29.82,39_361_417,-1,1
tract_6,0.102,0.795,35.27,39_361_417,-1,1
tract_7,0.0,0.964,5.55,39_361_417,-1,0
tract_8,0.0,0.112,0.64,39_361_417,-1,0
tract_1,0.0,0.756,14.58,39_370_233,-1,1
tract_2,0.0,0.289,2.42,39_370_233,-1,0
tract_3,0.0,0.552,0.97,39_370_233,-1,0
tract_4,0.0,0.958,0.53,39_370_233,-1,0
tract_5,0.0,0.604,4.85,39_370_233,-1,0
tract_6,0.003,0.055,12.79,39_370_233,-1,0
tract_7,0.041,0.672,26.07,39_370_233,-1,1
tract_8,0.034,0.808,37.78,39_370_233,-1,1
tract_1,0.045,0.651,21.77,40_215_237,-1,1
tract_2,0.036,0.215,26.79,40_215_237,-1,1
tract_3,0.0,0.863,3.77,40_215_237,-1,0
tract_4,0.0,0.224,0.4,40_215_237,-1,0
tract_5,0.0,0.785,0.89,40_215_237,-1,0
tract_6,0.0,0.169,1.99,40_215_237,-1,0
tract_7,0.0,0.74,12.36,40_215_237,-1,0
tract_8,0.038,0.129,32.03,40_215_237,-1,1
tract_1,0.0,0.511,2.79,40_217_471,-1,0
tract_2,0.0,0.25,6.46,40_217_471,-1,0
tract_3,0.045,0.275,26.37,40_217_471,-1,1
tract_4,0.339,0.979,35.47,40_217_471,-1,1
tract_5,0.0,0.329,20.95,40_217_471,-1,1
tract_6,0.0,0.062,5.51,40_217_471,-1,0
tract_7,0.0,0.4,2.3,40_217_471,-1,0
tract_8,0.0,0.935,0.16,40_217_471,-1,0
tract_1,0.0,0.921,20.65,40_227_372,-1,1
tract_2,0.201,0.881,47.9,40_227_372,-1,1
tract_3,0.0,0.994,19.21,40_227_372,-1,1
tract_4,0.001,0.23,4.96,40_227_372,-1,0
tract_5,0.0,0.948,0.72,40_227_372,-1,0
tract_6,0.0,0.201,0.06,40_227_372,-1,0
tract_7,0.0,0.935,0.93,40_227_372,-1,0
tract_8,0.0,0.173,5.57,40_227_372,-1,0
tract_1,0.0,0.742,3.02,40_228_503,-1,0
tract_2,0.0,0.287,7.0,40_228_503,-1,0
tract_3,0.033,0.534,28.56,40_228_503,-1,1
tract_4,0.141,0.97,33.83,40_228_503,-1,1
tract_5,0.0,0.586,19.98,40_228_503,-1,1
tract_6,0.0,0.118,5.25,40_228_503,-1,0
tract_7,0.0,0.646,2.2,40_228_503,-1,0
tract_8,0.0,0.787,0.15,40_228_503,-1,0
tract_1,0.0,0.962,3.06,40_234_483,-1,0
tract_2,0.0,0.291,7.09,40_234_483,-1,0
tract_3,0.049,0.869,28.92,40_234_483,-1,1
tract_4,0.194,0.76,33.56,40_234_483,-1,1
tract_5,0.0,0.88,19.82,40_234_483,-1,1
tract_6,0.0,0.182,5.21,40_234_483,-1,0
tract_7,0.0,0.91,2.18,40_234_483,-1,0
tract_8,0.0,0.397,0.15,40_234_483,-1,0
tract_1,0.002,0.022,23.12,40_243_228,-1,1
tract_2,0.004,0.095,7.41,40_243_228,-1,0
tract_3,0.0,0.337,2.5,40_243_228,-1,0
tract_4,0.0,0.8,0.17,40_243_228,-1,0
tract_5,0.0,0.24,2.56,40_243_228,-1,0
tract_6,0.0,0.058,5.75,40_243_228,-1,0
tract_7,0.0,0.167,22.31,40_243_228,-1,1
tract_8,0.137,0.251,36.17,40_243_228,-1,1
tract_1,0.0,0.758,20.33,40_246_299,-1,1
tract_2,0.008,0.062,17.27,40_246_299,-1,1
tract_3,0.0,0.916,2.2,40_246_299,-1,0
tract_4,0.0,0.107,0.16,40_246_299,-1,0
tract_5,0.0,0.846,2.3,40_246_299,-1,0
tract_6,0.0,0.181,5.17,40_246_299,-1,0
tract_7,0.0,0.809,20.05,40_246_299,-1,1
tract_8,0.023,0.364,32.51,40_246_299,-1,1
tract_1,0.0,0.986,2.41,40_270_414,-1,0
tract_2,0.002,0.321,6.23,40_270_414,-1,0
tract_3,0.0,0.954,22.79,40_270_414,-1,1
tract_4,0.13,0.641,37.29,40_270_414,-1,1
tract_5,0.0,0.942,22.02,40_270_414,-1,1
tract_6,0.003,0.157,6.67,40_270_414,-1,0
tract_7,0.0,0.957,2.42,40_270_414,-1,0
tract_8,0.0,0.198,0.16,40_270_414,-1,0
tract_1,0.0,0.769,22.47,40_273_277,-1,1
tract_2,0.009,0.321,7.84,40_273_277,-1,0
tract_3,0.0,0.569,2.43,40_273_277,-1,0
tract_4,0.0,0.952,0.17,40_273_277,-1,0
tract_5,0.0,0.619,2.55,40_273_277,-1,0
tract_6,0.004,0.081,6.43,40_273_277,-1,0
tract_7,0.0,0.677,22.17,40_273_277,-1,1
tract_8,0.178,0.851,35.94,40_273_277,-1,1
tract_1,0.0,0.655,2.43,40_280_416,0,0
tract_2,0.001,0.284,5.82,40_280_416,0,0
tract_3,0.0,0.424,22.93,40_280_416,1,1
tract_4,0.244,0.98,37.52,40_280_416,1,1
tract_5,0.0,0.502,22.16,40_280_416,1,1
tract_6,0.005,0.097,6.55,40_280_416,0,0
tract_7,0.0,0.553,2.44,40_280_416,0,0
tract_8,0.0,0.857,0.17,40_280_416,0,0
tract_1,0.0,0.224,0.0,40_286_310,0,0
tract_2,0.0,0.065,0.0,40_286_310,0,0
tract_3,0.0,0.493,0.0,40_286_310,0,0
tract_4,0.0,0.685,0.0,40_286_310,0,0
tract_5,0.0,0.396,23.89,40_286_310,1,1
tract_6,0.011,0.094,53.68,40_286_310,1,1
tract_7,0.0,0.327,22.43,40_286_310,1,1
tract_8,0.0,0.907,0.0,40_286_310,0,0
tract_1,0.0,0.721,2.12,40_297_420,0,0
tract_2,0.0,0.284,4.92,40_297_420,0,0
tract_3,0.0,0.506,20.08,40_297_420,1,1
tract_4,0.213,0.949,32.86,40_297_420,1,1
tract_5,0.019,0.606,22.29,40_297_420,1,1
tract_6,0.06,0.749,15.1,40_297_420,0,0
tract_7,0.0,0.624,2.45,40_297_420,0,0
tract_8,0.0,0.806,0.17,40_297_420,0,0
tract_1,0.0,0.695,2.19,40_303_462,0,0
tract_2,0.0,0.281,5.08,40_303_462,0,0
tract_3,0.0,0.473,20.72,40_303_462,1,1
tract_4,0.36,0.953,33.9,40_303_462,1,1
tract_5,0.08,0.582,27.58,40_303_462,1,1
tract_6,0.001,0.08,7.3,40_303_462,0,0
tract_7,0.0,0.595,3.03,40_303_462,0,0
tract_8,0.0,0.828,0.21,40_303_462,0,0
tract_1,0.0,0.154,2.39,40_307_431,-1,0
tract_2,0.0,0.168,5.54,40_307_431,-1,0
tract_3,0.0,0.13,22.6,40_307_431,-1,1
tract_4,0.227,0.943,36.98,40_307_431,-1,1
tract_5,0.005,0.052,22.69,40_307_431,-1,1
tract_6,0.007,0.081,7.13,40_307_431,-1,0
tract_7,0.0,0.039,2.49,40_307_431,-1,0
tract_8,0.0,0.997,0.17,40_307_431,-1,0
tract_1,0.0,0.456,0.0,40_309_311,-1,0
tract_2,0.0,0.012,0.0,40_309_311,-1,0
tract_3,0.0,0.693,0.0,40_309_311,-1,0
tract_4,0.0,0.483,0.0,40_309_311,-1,0
tract_5,0.0,0.602,23.89,40_309_311,-1,1
tract_6,0.019,0.074,53.68,40_309_311,-1,1
tract_7,0.0,0.543,22.43,40_309_311,-1,1
tract_8,0.0,0.773,0.0,40_309_311,-1,0
tract_1,0.0,0.576,1.74,40_320_475,-1,0
tract_2,0.0,0.261,4.02,40_320_475,-1,0
tract_3,0.0,0.33,16.4,40_320_475,-1,1
tract_4,0.188,0.989,26.83,40_320_475,-1,1
tract_5,0.148,0.533,36.96,40_320_475,-1,1
tract_6,0.0,0.078,9.72,40_320_475,-1,0
tract_7,0.0,0.469,4.06,40_320_475,-1,0
tract_8,0.0,0.905,0.28,40_320_475,-1,0
tract_1,0.0,0.056,11.76,40_323_176,-1,0
tract_2,0.0,0.142,1.96,40_323_176,-1,0
tract_3,0.0,0.229,0.79,40_323_176,-1,0
tract_4,0.0,0.862,0.69,40_323_176,-1,0
tract_5,0.0,0.134,6.3,40_323_176,-1,0
tract_6,0.0,0.035,14.15,40_323_176,-1,0
tract_7,0.289,0.498,33.86,40_323_176,-1,1
tract_8,0.082,0.973,30.49,40_323_176,-1,1
tract_1,0.0,0.958,0.78,40_343_385,-1,0
tract_2,0.0,0.293,0.05,40_343_385,-1,0
tract_3,0.0,0.862,1.22,40_343_385,-1,0
tract_4,0.014,0.739,7.61,40_343_385,-1,0
tract_5,0.016,0.87,21.97,40_343_385,-1,1
tract_6,0.35,0.991,44.81,40_343_385,-1,1
tract_7,0.0,0.904,18.73,40_343_385,-1,1
tract_8,0.0,0.416,4.83,40_343_385,-1,0
tract_1,0.0,0.986,3.5,40_349_285,0,0
tract_2,0.0,0.271,0.24,40_349_285,0,0
tract_3,0.0,0.955,0.7,40_349_285,0,0
tract_4,0.0,0.556,4.36,40_349_285,0,0
tract_5,0.0,0.943,16.6,40_349_285,1,1
tract_6,0.032,0.095,37.3,40_349_285,1,1
tract_7,0.0,0.957,15.59,40_349_285,0,0
tract_8,0.015,0.342,21.71,40_349_285,1,1
tract_1,0.0,0.704,20.9,40_358_264,-1,1
tract_2,0.0,0.282,5.64,40_358_264,-1,0
tract_3,0.0,0.485,2.26,40_358_264,-1,0
tract_4,0.0,0.977,0.16,40_358_264,-1,0
tract_5,0.0,0.543,2.37,40_358_264,-1,0
tract_6,0.016,0.079,14.63,40_358_264,-1,1
tract_7,0.0,0.605,20.62,40_358_264,-1,1
tract_8,0.057,0.905,33.43,40_358_264,-1,1
tract_1,0.0,0.986,0.47,40_364_420,-1,0
tract_2,0.0,0.267,1.08,40_364_420,-1,0
tract_3,0.0,0.963,7.44,40_364_420,-1,0
tract_4,0.01,0.536,20.62,40_364_420,-1,1
tract_5,0.138,0.973,31.22,40_364_420,-1,1
tract_6,0.083,0.653,32.7,40_364_420,-1,1
tract_7,0.0,0.96,5.81,40_364_420,-1,0
tract_8,0.0,0.164,0.67,40_364_420,-1,0
tract_1,0.0,0.919,0.0,40_368_349,0,0
tract_2,0.0,0.206,0.0,40_368_349,0,0
tract_3,0.0,0.994,0.0,40_368_349,0,0
tract_4,0.0,0.215,0.0,40_368_349,0,0
tract_5,0.0,0.948,23.89,40_368_349,1,1
tract_6,0.037,0.17,53.68,40_368_349,1,1
tract_7,0.0,0.934,22.43,40_368_349,1,1
tract_8,0.0,0.178,0.0,40_368_349,0,0
tract_1,0.0,0.081,6.25,41_216_523,0,0
tract_2,0.0,0.105,14.48,41_216_523,1,1
tract_3,0.058,0.376,36.09,41_216_523,1,1
tract_4,0.012,0.783,29.45,41_216_523,1,1
tract_5,0.0,0.264,10.63,41_216_523,0,0
tract_6,0.0,0.063,1.71,41_216_523,0,0
tract_7,0.0,0.191,0.71,41_216_523,0,0
tract_8,0.0,0.961,0.68,41_216_523,0,0
tract_1,0.0,0.494,15.56,41_236_384,-1,0
tract_2,0.108,0.563,36.1,41_236_384,-1,1
tract_3,0.0,0.235,14.48,41_236_384,-1,1
tract_4,0.065,0.993,25.27,41_236_384,-1,1
tract_5,0.0,0.311,3.66,41_236_384,-1,0
tract_6,0.0,0.059,0.05,41_236_384,-1,0
tract_7,0.0,0.383,0.7,41_236_384,-1,0
tract_8,0.0,0.942,4.2,41_236_384,-1,0
tract_1,0.056,0.616,25.48,41_241_233,1,1
tract_2,0.021,0.319,8.42,41_241_233,0,0
tract_3,0.0,0.342,2.76,41_241_233,0,0
tract_4,0.0,0.998,0.16,41_241_233,0,0
tract_5,0.0,0.412,2.42,41_241_233,0,0
tract_6,0.0,0.08,5.44,41_241_233,0,0
tract_7,0.0,0.48,21.1,41_241_233,1,1
tract_8,0.468,0.874,34.21,41_241_233,1,1
tract_1,0.0,0.237,23.53,41_245_368,1,1
tract_2,0.041,0.261,54.58,41_245_368,1,1
tract_3,0.0,0.045,21.89,41_245_368,1,1
tract_4,0.0,0.94,0.0,41_245_368,0,0
tract_5,0.0,0.045,0.0,41_245_368,0,0
tract_6,0.0,0.002,0.0,41_245_368,0,0
tract_7,0.0,0.121,0.0,41_245_368,0,0
tract_8,0.0,0.996,0.0,41_245_368,0,0
tract_1,0.016,0.566,24.49,41_250_247,-1,1
tract_2,0.007,0.104,7.76,41_250_247,-1,0
tract_3,0.0,0.779,2.65,41_250_247,-1,0
tract_4,0.0,0.366,0.17,41_250_247,-1,0
tract_5,0.0,0.694,2.49,41_250_247,-1,0
tract_6,0.0,0.15,5.6,41_250_247,-1,0
tract_7,0.0,0.64,21.73,41_250_247,-1,1
tract_8,0.217,0.435,35.11,41_250_247,-1,1
tract_1,0.165,0.909,31.56,41_257_185,-1,1
tract_2,0.0,0.206,13.61,41_257_185,-1,0
tract_3,0.0,0.994,5.47,41_257_185,-1,0
tract_4,0.0,0.218,0.58,41_257_185,-1,0
tract_5,0.0,0.948,1.17,41_257_185,-1,0
tract_6,0.0,0.201,2.63,41_257_185,-1,0
tract_7,0.027,0.935,16.31,41_257_185,-1,1
tract_8,0.047,0.286,28.68,41_257_185,-1,1
tract_1,0.0,0.968,23.0,41_257_372,-1,1
tract_2,0.037,0.529,53.34,41_257_372,-1,1
tract_3,0.0,0.992,21.39,41_257_372,-1,1
tract_4,0.0,0.387,0.0,41_257_372,-1,0
tract_5,0.0,0.962,0.0,41_257_372,-1,0
tract_6,0.002,0.181,2.26,41_257_372,-1,0
tract_7,0.0,0.962,0.0,41_257_372,-1,0
tract_8,0.0,0.001,0.0,41_257_372,-1,0
tract_1,0.0,0.063,17.1,41_269_330,1,1
tract_2,0.007,0.135,39.66,41_269_330,1,1
tract_3,0.0,0.344,15.91,41_269_330,0,0
tract_4,0.0,0.795,0.0,41_269_330,0,0
tract_5,0.0,0.247,0.0,41_269_330,0,0
tract_6,0.005,0.099,27.34,41_269_330,1,1
tract_7,0.0,0.173,0.0,41_269_330,0,0
tract_8,0.0,0.966,0.0,41_269_330,0,0
tract_1,0.0,0.149,2.45,41_269_521,-1,0
tract_2,0.0,0.085,5.67,41_269_521,-1,0
tract_3,0.0,0.424,23.14,41_269_521,-1,1
tract_4,0.032,0.735,37.87,41_269_521,-1,1
tract_5,0.0,0.328,22.36,41_269_521,-1,1
tract_6,0.0,0.076,5.88,41_269_521,-1,0
tract_7,0.0,0.256,2.46,41_269_521,-1,0
tract_8,0.0,0.94,0.17,41_269_521,-1,0
tract_1,0.0,0.707,0.0,41_276_351,1,1
tract_2,0.001,0.249,4.66,41_276_351,1,1
tract_3,0.0,0.488,0.0,41_276_351,0,0
tract_4,0.0,0.976,0.0,41_276_351,0,0
tract_5,0.0,0.546,0.0,41_276_351,0,0
tract_6,0.019,0.233,95.34,41_276_351,1,1
tract_7,0.0,0.608,0.0,41_276_351,0,0
tract_8,0.0,0.818,0.0,41_276_351,0,0
tract_1,0.056,0.846,24.08,41_280_188,1,1
tract_2,0.0,0.169,4.01,41_280_188,0,0
tract_3,0.0,0.969,1.61,41_280_188,0,0
tract_4,0.0,0.059,0.46,41_280_188,0,0
tract_5,0.0,0.91,4.22,41_280_188,0,0
tract_6,0.0,0.194,9.48,41_280_188,0,0
tract_7,0.115,0.9,22.69,41_280_188,1,1
tract_8,0.098,0.491,33.45,41_280_188,1,1
tract_1,0.012,0.623,19.33,41_292_190,-1,1
tract_2,0.0,0.269,5.21,41_292_190,-1,0
tract_3,0.0,0.384,2.09,41_292_190,-1,0
tract_4,0.0,0.994,0.26,41_292_190,-1,0
tract_5,0.0,0.45,3.79,41_292_190,-1,0
tract_6,0.0,0.088,8.52,41_292_190,-1,0
tract_7,0.096,0.443,33.05,41_292_190,-1,1
tract_8,0.168,0.763,27.75,41_292_190,-1,1
tract_1,0.0,0.967,2.22,41_292_442,-1,0
tract_2,0.0,0.29,5.15,41_292_442,-1,0
tract_3,0.0,0.884,21.0,41_292_442,-1,1
tract_4,0.283,0.693,34.37,41_292_442,-1,1
tract_5,0.05,0.915,26.41,41_292_442,-1,1
tract_6,0.007,0.173,7.74,41_292_442,-1,0
tract_7,0.0,0.918,2.9,41_292_442,-1,0
tract_8,0.0,0.373,0.2,41_292_442,-1,0
tract_1,0.0,0.506,21.57,41_296_242,1,1
tract_2,0.0,0.029,5.82,41_296_242,0,0
tract_3,0.0,0.733,2.34,41_296_242,0,0
tract_4,0.0,0.431,0.2,41_296_242,0,0
tract_5,0.0,0.645,2.91,41_296_242,0,0
tract_6,0.005,0.065,7.33,41_296_242,0,0
tract_7,0.027,0.614,25.35,41_296_242,1,1
tract_8,0.225,0.453,34.49,41_296_242,1,1
tract_1,0.0,0.092,0.75,41_318_383,-1,0
tract_2,0.0,0.152,0.05,41_318_383,-1,0
tract_3,0.0,0.193,2.02,41_318_383,-1,0
tract_4,0.017,0.875,12.59,41_318_383,-1,1
tract_5,0.0,0.091,19.11,41_318_383,-1,1
tract_6,0.096,0.28,42.92,41_318_383,-1,1
tract_7,0.0,0.023,17.94,41_318_383,-1,1
tract_8,0.0,0.993,4.62,41_318_383,-1,0
tract_1,0.0,0.538,0.0,41_322_369,-1,0
tract_2,0.0,0.254,0.0,41_322_369,-1,0
tract_3,0.0,0.285,0.0,41_322_369,-1,0
tract_4,0.0,0.999,0.0,41_322_369,-1,0
tract_5,0.0,0.359,23.89,41_322_369,-1,1
tract_6,0.269,0.642,53.68,41_322_369,-1,1
tract_7,0.0,0.429,22.43,41_322_369,-1,1
tract_8,0.0,0.923,0.0,41_322_369,-1,0
tract_1,0.0,0.967,0.57,41_327_509,0,0
tract_2,0.0,0.24,1.31,41_327_509,0,0
tract_3,0.0,0.993,9.06,41_327_509,0,0
tract_4,0.018,0.375,25.1,41_327_509,1,1
tract_5,0.307,0.865,38.71,41_327_509,1,1
tract_6,0.0,0.203,17.23,41_327_509,1,1
tract_7,0.0,0.962,7.21,41_327_509,0,0
tract_8,0.0,0.004,0.83,41_327_509,0,0
tract_1,0.0,0.33,2.01,41_345_484,-1,0
tract_2,0.0,0.03,4.65,41_345_484,-1,0
tract_3,0.0,0.587,18.99,41_345_484,-1,1
tract_4,0.046,0.613,31.07,41_345_484,-1,1
tract_5,0.019,0.046,31.36,41_345_484,-1,1
tract_6,0.0,0.11,8.24,41_345_484,-1,0
tract_7,0.0,0.426,3.45,41_345_484,-1,0
tract_8,0.0,0.86,0.23,41_345_484,-1,0
tract_1,0.0,0.687,0.59,41_354_501,-1,0
tract_2,0.0,0.279,1.37,41_354_501,-1,0
tract_3,0.0,0.463,9.48,41_354_501,-1,0
tract_4,0.037,0.979,26.26,41_354_501,-1,1
tract_5,0.348,0.867,37.69,41_354_501,-1,1
tract_6,0.0,0.104,16.78,41_354_501,-1,1
tract_7,0.0,0.587,7.02,41_354_501,-1,0
tract_8,0.0,0.834,0.81,41_354_501,-1,0
tract_1,0.0,0.977,0.0,41_355_324,0,0
tract_2,0.0,0.284,0.0,41_355_324,0,0
tract_3,0.0,0.911,0.0,41_355_324,0,0
tract_4,0.0,0.657,0.0,41_355_324,0,0
tract_5,0.0,0.911,23.89,41_355_324,1,1
tract_6,0.045,0.127,53.68,41_355_324,1,1
tract_7,0.0,0.935,22.43,41_355_324,1,1
tract_8,0.0,0.315,0.0,41_355_324,0,0
tract_1,0.0,0.944,0.0,41_365_321,-1,0
tract_2,0.0,0.222,0.0,41_365_321,-1,0
tract_3,0.0,0.997,0.0,41_365_321,-1,0
tract_4,0.0,0.288,0.0,41_365_321,-1,0
tract_5,0.0,0.957,23.89,41_365_321,-1,1
tract_6,0.064,0.264,53.68,41_365_321,-1,1
tract_7,0.0,0.949,22.43,41_365_321,-1,1
tract_8,0.0,0.104,0.0,41_365_321,-1,0
tract_1,0.0,0.981,22.44,41_367_266,-1,1
tract_2,0.0,0.256,6.05,41_367_266,-1,0
tract_3,0.0,0.979,2.43,41_367_266,-1,0
tract_4,0.0,0.468,0.17,41_367_266,-1,0
tract_5,0.0,0.957,2.54,41_367_266,-1,0
tract_6,0.001,0.003,8.35,41_367_266,-1,0
tract_7,0.0,0.964,22.13,41_367_266,-1,1
tract_8,0.008,0.212,35.88,41_367_266,-1,1
tract_1,0.0,0.705,0.0,41_370_424,-1,0
tract_2,0.0,0.104,0.0,41_370_424,-1,0
tract_3,0.0,0.882,0.0,41_370_424,-1,0
tract_4,0.0,0.183,0.0,41_370_424,-1,0
tract_5,0.106,0.813,53.7,41_370_424,-1,1
tract_6,0.025,0.293,36.31,41_370_424,-1,1
tract_7,0.0,0.764,10.0,41_370_424,-1,0
tract_8,0.0,0.55,0.0,41_370_424,-1,0
tract_1,0.0,0.037,0.55,41_372_509,0,0
tract_2,0.0,0.137,1.27,41_372_509,0,0
tract_3,0.0,0.247,8.78,41_372_509,0,0
tract_4,0.003,0.855,24.32,41_372_509,1,1
tract_5,0.096,0.293,39.38,41_372_509,1,1
tract_6,0.0,0.039,17.53,41_372_509,1,1
tract_7,0.0,0.077,7.33,41_372_509,0,0
tract_8,0.0,0.986,0.84,41_372_509,0,0
tract_1,0.0,0.497,19.91,42_226_305,1,1
tract_2,0.052,0.187,46.18,42_226_305,1,1
tract_3,0.0,0.237,18.52,42_226_305,1,1
tract_4,0.0,0.997,4.54,42_226_305,0,0
tract_5,0.0,0.314,0.66,42_226_305,0,0
tract_6,0.0,0.059,0.1,42_226_305,0,0
tract_7,0.0,0.385,1.44,42_226_305,0,0
tract_8,0.004,0.951,8.66,42_226_305,0,0
tract_1,0.087,0.505,32.81,42_229_217,-1,1
tract_2,0.006,0.099,9.79,42_229_217,-1,0
tract_3,0.0,0.769,3.55,42_229_217,-1,0
tract_4,0.0,0.382,0.14,42_229_217,-1,0
tract_5,0.0,0.682,2.06,42_229_217,-1,0
tract_6,0.0,0.149,4.62,42_229_217,-1,0
tract_7,0.0,0.628,17.94,42_229_217,-1,1
tract_8,0.173,0.481,29.08,42_229_217,-1,1
tract_1,0.0,0.523,3.44,42_232_517,-1,0
tract_2,0.0,0.251,7.96,42_232_517,-1,0
tract_3,0.021,0.276,32.47,42_232_517,-1,1
tract_4,0.049,0.999,30.93,42_232_517,-1,1
tract_5,0.0,0.342,18.26,42_232_517,-1,1
tract_6,0.0,0.065,4.8,42_232_517,-1,0
tract_7,0.0,0.413,2.01,42_232_517,-1,0
tract_8,0.0,0.93,0.14,42_232_517,-1,0
tract_1,0.0,0.483,2.16,42_234_406,-1,0
tract_2,0.081,0.57,18.41,42_234_406,-1,1
tract_3,0.003,0.224,20.43,42_234_406,-1,1
tract_4,0.196,0.945,32.5,42_234_406,-1,1
tract_5,0.0,0.299,19.19,42_234_406,-1,1
tract_6,0.0,0.056,5.05,42_234_406,-1,0
tract_7,0.0,0.372,2.11,42_234_406,-1,0
tract_8,0.0,0.946,0.14,42_234_406,-1,0
tract_1,0.126,0.795,29.02,42_245_214,1,1
tract_2,0.013,0.339,8.78,42_245_214,0,0
tract_3,0.0,0.538,3.14,42_245_214,0,0
tract_4,0.0,0.962,0.15,42_245_214,0,0
tract_5,0.0,0.591,2.26,42_245_214,0,0
tract_6,0.0,0.119,5.07,42_245_214,0,0
tract_7,0.0,0.651,19.68,42_245_214,1,1
tract_8,0.443,0.993,31.9,42_245_214,1,1
tract_1,0.0,0.978,2.4,42_254_433,-1,0
tract_2,0.014,0.32,7.41,42_254_433,-1,0
tract_3,0.0,0.914,22.71,42_254_433,-1,1
tract_4,0.278,0.798,37.17,42_254_433,-1,1
tract_5,0.0,0.913,21.95,42_254_433,-1,1
tract_6,0.0,0.187,5.77,42_254_433,-1,0
tract_7,0.0,0.937,2.41,42_254_433,-1,0
tract_8,0.0,0.308,0.16,42_254_433,-1,0
tract_1,0.0,0.054,2.45,42_254_468,-1,0
tract_2,0.0,0.143,5.67,42_254_468,-1,0
tract_3,0.0,0.231,23.14,42_254_468,-1,1
tract_4,0.274,0.717,37.87,42_254_468,-1,1
tract_5,0.0,0.136,22.36,42_254_468,-1,1
tract_6,0.0,0.036,5.88,42_254_468,-1,0
tract_7,0.0,0.06,2.46,42_254_468,-1,0
tract_8,0.0,0.988,0.17,42_254_468,-1,0
tract_1,0.0,0.858,2.44,42_259_463,0,0
tract_2,0.002,0.175,6.12,42_259_463,0,0
tract_3,0.0,0.972,23.03,42_259_463,1,1
tract_4,0.123,0.268,37.69,42_259_463,1,1
tract_5,0.0,0.914,22.26,42_259_463,1,1
tract_6,0.0,0.195,5.85,42_259_463,0,0
tract_7,0.0,0.89,2.45,42_259_463,0,0
tract_8,0.0,0.318,0.17,42_259_463,0,0
tract_1,0.0,0.983,0.0,42_269_368,-1,0
tract_2,0.008,0.32,30.17,42_269_368,-1,1
tract_3,0.0,0.974,0.0,42_269_368,-1,0
tract_4,0.0,0.492,0.0,42_269_368,-1,0
tract_5,0.0,0.955,0.0,42_269_368,-1,0
tract_6,0.019,0.433,69.83,42_269_368,-1,1
tract_7,0.0,0.964,0.0,42_269_368,-1,0
tract_8,0.0,0.118,0.0,42_269_368,-1,0
tract_1,0.0,0.598,1.67,42_290_493,-1,0
tract_2,0.0,0.063,3.86,42_290_493,-1,0
tract_3,0.0,0.805,15.76,42_290_493,-1,1
tract_4,0.073,0.374,25.78,42_290_493,-1,1
tract_5,0.065,0.693,38.35,42_290_493,-1,1
tract_6,0.0,0.157,10.08,42_290_493,-1,0
tract_7,0.0,0.67,4.22,42_290_493,-1,0
tract_8,0.0,0.665,0.29,42_290_493,-1,0
tract_1,0.0,0.485,1.75,42_301_396,0,0
tract_2,0.0,0.244,4.05,42_301_396,0,0
tract_3,0.0,0.224,16.5,42_301_396,0,0
tract_4,0.11,0.997,27.01,42_301_396,1,1
tract_5,0.008,0.333,17.8,42_301_396,1,1
tract_6,0.106,0.645,30.8,42_301_396,1,1
tract_7,0.0,0.373,1.96,42_301_396,0,0
tract_8,0.0,0.946,0.13,42_301_396,0,0
tract_1,0.0,0.968,20.94,42_315_270,1,1
tract_2,0.0,0.241,5.64,42_315_270,0,0
tract_3,0.0,0.993,2.27,42_315_270,0,0
tract_4,0.0,0.384,0.16,42_315_270,0,0
tract_5,0.0,0.962,2.37,42_315_270,0,0
tract_6,0.042,0.178,14.49,42_315_270,0,0
tract_7,0.0,0.962,20.65,42_315_270,1,1
tract_8,0.154,0.869,33.48,42_315_270,1,1
tract_1,0.0,0.25,1.77,42_316_487,-1,0
tract_2,0.0,0.055,4.1,42_316_487,-1,0
tract_3,0.0,0.516,16.71,42_316_487,-1,1
tract_4,0.102,0.71,27.34,42_316_487,-1,1
tract_5,0.075,0.263,36.28,42_316_487,-1,1
tract_6,0.0,0.095,9.54,42_316_487,-1,0
tract_7,0.0,0.352,3.99,42_316_487,-1,0
tract_8,0.0,0.9,0.27,42_316_487,-1,0
tract_1,0.0,0.351,16.26,42_324_200,1,1
tract_2,0.0,0.215,4.38,42_324_200,0,0
tract_3,0.0,0.076,1.76,42_324_200,0,0
tract_4,0.0,0.975,0.29,42_324_200,0,0
tract_5,0.0,0.161,4.29,42_324_200,0,0
tract_6,0.0,0.023,9.63,42_324_200,0,0
tract_7,0.132,0.361,37.37,42_324_200,1,1
tract_8,0.161,0.954,26.0,42_324_200,1,1
tract_1,0.0,0.036,2.07,42_325_443,-1,0
tract_2,0.0,0.117,4.8,42_325_443,-1,0
tract_3,0.0,0.318,19.6,42_325_443,-1,1
tract_4,0.187,0.893,32.08,42_325_443,-1,1
tract_5,0.06,0.235,29.33,42_325_443,-1,1
tract_6,0.006,0.067,8.67,42_325_443,-1,0
tract_7,0.0,0.148,3.22,42_325_443,-1,0
tract_8,0.0,0.972,0.22,42_325_443,-1,0
tract_1,0.0,0.978,1.76,42_330_277,0,0
tract_2,0.0,0.252,0.12,42_330_277,0,0
tract_3,0.0,0.985,0.82,42_330_277,0,0
tract_4,0.0,0.442,5.11,42_330_277,0,0
tract_5,0.0,0.96,19.43,42_330_277,1,1
tract_6,0.059,0.165,43.64,42_330_277,1,1
tract_7,0.0,0.964,18.24,42_330_277,1,1
tract_8,0.008,0.074,10.89,42_330_277,0,0
tract_1,0.0,0.291,0.7,42_337_382,0,0
tract_2,0.0,0.042,0.05,42_337_382,0,0
tract_3,0.0,0.553,2.49,42_337_382,0,0
tract_4,0.013,0.625,15.48,42_337_382,0,0
tract_5,0.002,0.474,19.37,42_337_382,1,1
tract_6,0.051,0.122,40.59,42_337_382,1,1
tract_7,0.0,0.39,16.96,42_337_382,1,1
tract_8,0.0,0.88,4.37,42_337_382,0,0
tract_1,0.0,0.478,20.93,42_339_281,-1,1
tract_2,0.0,0.02,5.64,42_339_281,-1,0
tract_3,0.0,0.711,2.27,42_339_281,-1,0
tract_4,0.0,0.46,0.16,42_339_281,-1,0
tract_5,0.0,0.621,2.37,42_339_281,-1,0
tract_6,0.015,0.04,14.51,42_339_281,-1,1
tract_7,0.0,0.563,20.65,42_339_281,-1,1
tract_8,0.054,0.705,33.47,42_339_281,-1,1
tract_1,0.0,0.805,0.0,42_341_350,0,0
tract_2,0.0,0.294,0.0,42_341_350,0,0
tract_3,0.0,0.618,0.0,42_341_350,0,0
tract_4,0.0,0.931,0.0,42_341_350,0,0
tract_5,0.0,0.663,23.89,42_341_350,1,1
tract_6,0.358,0.832,53.68,42_341_350,1,1
tract_7,0.0,0.718,22.43,42_341_350,1,1
tract_8,0.0,0.719,0.0,42_341_350,0,0
tract_1,0.0,0.796,6.88,43_229_497,-1,0
tract_2,0.0,0.143,15.93,43_229_497,-1,1
tract_3,0.061,0.94,39.71,43_229_497,-1,1
tract_4,0.002,0.009,25.46,43_229_497,-1,1
tract_5,0.0,0.873,9.19,43_229_497,-1,0
tract_6,0.0,0.187,1.48,43_229_497,-1,0
tract_7,0.0,0.84,0.62,43_229_497,-1,0
tract_8,0.0,0.426,0.74,43_229_497,-1,0
tract_1,0.043,0.964,25.0,43_236_245,1,1
tract_2,0.048,0.369,11.82,43_236_245,0,0
tract_3,0.0,0.993,2.71,43_236_245,0,0
tract_4,0.0,0.378,0.16,43_236_245,0,0
tract_5,0.0,0.962,2.31,43_236_245,0,0
tract_6,0.0,0.203,5.19,43_236_245,0,0
tract_7,0.0,0.961,20.15,43_236_245,1,1
tract_8,0.309,0.759,32.66,43_236_245,1,1
tract_1,0.0,0.026,2.49,43_238_450,-1,0
tract_2,0.005,0.164,6.43,43_238_450,-1,0
tract_3,0.006,0.24,23.49,43_238_450,-1,1
tract_4,0.303,0.621,37.24,43_238_450,-1,1
tract_5,0.0,0.162,21.99,43_238_450,-1,1
tract_6,0.0,0.041,5.78,43_238_450,-1,0
tract_7,0.0,0.087,2.42,43_238_450,-1,0
tract_8,0.0,0.984,0.16,43_238_450,-1,0
tract_1,0.0,0.46,21.08,43_255_290,-1,1
tract_2,0.027,0.232,14.17,43_255_290,-1,0
tract_3,0.0,0.196,2.28,43_255_290,-1,0
tract_4,0.0,0.994,0.16,43_255_290,-1,0
tract_5,0.0,0.275,2.39,43_255_290,-1,0
tract_6,0.0,0.018,5.43,43_255_290,-1,0
tract_7,0.0,0.347,20.79,43_255_290,-1,1
tract_8,0.107,0.82,33.7,43_255_290,-1,1
tract_1,0.0,0.641,21.35,43_264_336,-1,1
tract_2,0.009,0.15,49.53,43_264_336,-1,1
tract_3,0.0,0.407,19.86,43_264_336,-1,1
tract_4,0.0,0.992,0.0,43_264_336,-1,0
tract_5,0.0,0.472,0.0,43_264_336,-1,0
tract_6,0.002,0.045,9.26,43_264_336,-1,0
tract_7,0.0,0.538,0.0,43_264_336,-1,0
tract_8,0.0,0.867,0.0,43_264_336,-1,0
tract_1,0.0,0.42,2.44,43_265_450,-1,0
tract_2,0.003,0.251,5.9,43_265_450,-1,0
tract_3,0.0,0.152,23.08,43_265_450,-1,1
tract_4,0.461,0.879,37.76,43_265_450,-1,1
tract_5,0.0,0.233,22.3,43_265_450,-1,1
tract_6,0.0,0.037,5.89,43_265_450,-1,0
tract_7,0.0,0.307,2.45,43_265_450,-1,0
tract_8,0.0,0.967,0.17,43_265_450,-1,0
tract_1,0.0,0.795,0.0,43_267_312,1,1
tract_2,0.001,0.016,22.85,43_267_312,1,1
tract_3,0.0,0.938,0.0,43_267_312,0,0
tract_4,0.0,0.047,0.0,43_267_312,0,0
tract_5,0.0,0.872,0.0,43_267_312,0,0
tract_6,0.003,0.047,77.15,43_267_312,1,1
tract_7,0.0,0.839,0.0,43_267_312,0,0
tract_8,0.0,0.413,0.0,43_267_312,0,0
tract_1,0.0,0.862,0.59,43_269_385,-1,0
tract_2,0.006,0.24,9.44,43_269_385,-1,0
tract_3,0.0,0.974,3.13,43_269_385,-1,0
tract_4,0.009,0.137,19.5,43_269_385,-1,1
tract_5,0.0,0.916,15.21,43_269_385,-1,0
tract_6,0.021,0.314,34.17,43_269_385,-1,1
tract_7,0.0,0.892,14.28,43_269_385,-1,1
tract_8,0.0,0.31,3.68,43_269_385,-1,0
tract_1,0.0,0.977,22.6,43_279_288,1,1
tract_2,0.0,0.238,6.09,43_279_288,0,0
tract_3,0.0,0.985,2.45,43_279_288,0,0
tract_4,0.0,0.439,0.17,43_279_288,0,0
tract_5,0.0,0.96,2.56,43_279_288,0,0
tract_6,0.007,0.084,7.69,43_279_288,0,0
tract_7,0.0,0.964,22.29,43_279_288,1,1
tract_8,0.135,0.955,36.14,43_279_288,1,1
tract_1,0.0,0.603,2.43,43_280_444,0,0
tract_2,0.0,0.268,5.63,43_280_444,0,0
tract_3,0.0,0.361,22.97,43_280_444,1,1
tract_4,0.474,0.982,37.6,43_280_444,1,1
tract_5,0.006,0.454,22.66,43_280_444,1,1
tract_6,0.001,0.043,6.05,43_280_444,0,0
tract_7,0.0,0.497,2.49,43_280_444,0,0
tract_8,0.0,0.89,0.17,43_280_444,0,0
tract_1,0.0,0.617,2.41,43_284_305,0,0
tract_2,0.0,0.251,0.17,43_284_305,0,0
tract_3,0.0,0.378,0.78,43_284_305,0,0
tract_4,0.0,0.995,4.83,43_284_305,0,0
tract_5,0.0,0.444,18.36,43_284_305,1,1
tract_6,0.019,0.145,41.24,43_284_305,1,1
tract_7,0.0,0.512,17.23,43_284_305,1,1
tract_8,0.005,0.915,14.98,43_284_305,0,0
tract_1,0.0,0.576,0.74,43_294_385,-1,0
tract_2,0.0,0.054,0.05,43_294_385,-1,0
tract_3,0.0,0.788,2.11,43_294_385,-1,0
tract_4,0.015,0.343,13.15,43_294_385,-1,0
tract_5,0.001,0.701,19.32,43_294_385,-1,1
tract_6,0.078,0.422,42.36,43_294_385,-1,1
tract_7,0.0,0.651,17.7,43_294_385,-1,1
tract_8,0.0,0.685,4.56,43_294_385,-1,0
tract_1,0.0,0.63,0.55,43_297_399,-1,0
tract_2,0.0,0.271,0.04,43_297_399,-1,0
tract_3,0.0,0.393,4.84,43_297_399,-1,0
tract_4,0.105,0.99,30.1,43_297_399,-1,1
tract_5,0.01,0.477,16.5,43_297_399,-1,1
tract_6,0.128,0.764,31.45,43_297_399,-1,1
tract_7,0.0,0.525,13.14,43_297_399,-1,0
tract_8,0.0,0.874,3.39,43_297_399,-1,0
tract_1,0.0,0.203,2.43,43_303_453,0,0
tract_2,0.0,0.18,5.62,43_303_453,0,0
tract_3,0.0,0.08,22.93,43_303_453,1,1
tract_4,0.339,0.956,37.53,43_303_453,1,1
tract_5,0.005,0.036,22.75,43_303_453,1,1
tract_6,0.001,0.022,6.07,43_303_453,0,0
tract_7,0.0,0.088,2.5,43_303_453,0,0
tract_8,0.0,0.997,0.17,43_303_453,0,0
tract_1,0.0,0.535,16.55,43_312_199,-1,1
tract_2,0.0,0.253,4.46,43_312_199,-1,0
tract_3,0.0,0.281,1.79,43_312_199,-1,0
tract_4,0.0,0.999,0.29,43_312_199,-1,0
tract_5,0.0,0.355,4.22,43_312_199,-1,0
tract_6,0.0,0.052,9.47,43_312_199,-1,0
tract_7,0.162,0.579,36.75,43_312_199,-1,1
tract_8,0.21,0.868,26.47,43_312_199,-1,1
tract_1,0.0,0.242,22.99,43_319_275,-1,1
tract_2,0.0,0.057,6.2,43_319_275,-1,0
tract_3,0.0,0.509,2.49,43_319_275,-1,0
tract_4,0.0,0.671,0.18,43_319_275,-1,0
tract_5,0.0,0.413,2.6,43_319_275,-1,0
tract_6,0.001,0.002,6.11,43_319_275,-1,0
tract_7,0.0,0.344,22.67,43_319_275,-1,1
tract_8,0.093,0.757,36.76,43_319_275,-1,1
tract_1,0.0,0.862,0.57,43_328_519,-1,0
tract_2,0.0,0.298,1.31,43_328_519,-1,0
tract_3,0.0,0.7,9.06,43_328_519,-1,0
tract_4,0.022,0.882,25.11,43_328_519,-1,1
tract_5,0.385,0.944,38.7,43_328_519,-1,1
tract_6,0.0,0.15,17.23,43_328_519,-1,1
tract_7,0.0,0.784,7.2,43_328_519,-1,0
tract_8,0.0,0.639,0.83,43_328_519,-1,0
tract_1,0.0,0.973,0.0,43_330_360,0,0
tract_2,0.0,0.246,0.0,43_330_360,0,0
tract_3,0.0,0.989,0.0,43_330_360,0,0
tract_4,0.0,0.413,0.0,43_330_360,0,0
tract_5,0.0,0.961,23.89,43_330_360,1,1
tract_6,0.449,0.959,53.68,43_330_360,1,1
tract_7,0.0,0.964,22.43,43_330_360,1,1
tract_8,0.0,0.03,0.0,43_330_360,0,0
tract_1,0.0,0.583,18.59,43_331_218,-1,1
tract_2,0.0,0.262,5.01,43_331_218,-1,0
tract_3,0.0,0.338,2.01,43_331_218,-1,0
tract_4,0.0,0.998,0.25,43_331_218,-1,0
tract_5,0.0,0.407,3.66,43_331_218,-1,0
tract_6,0.005,0.107,8.84,43_331_218,-1,0
tract_7,0.103,0.456,31.9,43_331_218,-1,1
tract_8,0.226,0.89,29.73,43_331_218,-1,1
tract_1,0.0,0.919,2.62,43_337_298,-1,0
tract_2,0.0,0.298,0.18,43_337_298,-1,0
tract_3,0.0,0.789,0.76,43_337_298,-1,0
tract_4,0.0,0.816,4.74,43_337_298,-1,0
tract_5,0.0,0.812,18.03,43_337_298,-1,1
tract_6,0.078,0.162,40.5,43_337_298,-1,1
tract_7,0.0,0.853,16.92,43_337_298,-1,1
tract_8,0.023,0.625,16.25,43_337_298,-1,1
tract_1,0.0,0.637,0.0,43_349_334,-1,0
tract_2,0.0,0.272,0.0,43_349_334,-1,0
tract_3,0.0,0.402,0.0,43_349_334,-1,0
tract_4,0.0,0.992,0.0,43_349_334,-1,0
tract_5,0.0,0.467,23.89,43_349_334,-1,1
tract_6,0.01,0.023,53.68,43_349_334,-1,1
tract_7,0.0,0.533,22.43,43_349_334,-1,1
tract_8,0.0,0.87,0.0,43_349_334,-1,0
tract_1,0.0,0.619,14.06,43_359_208,-1,1
tract_2,0.0,0.269,2.34,43_359_208,-1,0
tract_3,0.0,0.38,0.94,43_359_208,-1,0
tract_4,0.0,0.995,0.58,43_359_208,-1,0
tract_5,0.0,0.447,5.28,43_359_208,-1,0
tract_6,0.001,0.032,12.02,43_359_208,-1,0
tract_7,0.1,0.515,28.35,43_359_208,-1,1
tract_8,0.067,0.925,36.44,43_359_208,-1,1
tract_1,0.0,0.151,0.58,43_364_506,0,0
tract_2,0.0,0.167,1.34,43_364_506,0,0
tract_3,0.0,0.133,9.28,43_364_506,0,0
tract_4,0.014,0.91,25.72,43_364_506,1,1
tract_5,0.17,0.392,38.16,43_364_506,1,1
tract_6,0.0,0.016,16.99,43_364_506,1,1
tract_7,0.0,0.036,7.1,43_364_506,0,0
tract_8,0.0,0.997,0.82,43_364_506,0,0
tract_1,0.0,0.689,0.54,43_368_515,0,0
tract_2,0.0,0.28,1.25,43_368_515,0,0
tract_3,0.0,0.466,8.62,43_368_515,0,0
tract_4,0.003,0.98,23.88,43_368_515,1,1
tract_5,0.276,0.829,39.76,43_368_515,1,1
tract_6,0.0,0.105,17.7,43_368_515,1,1
tract_7,0.0,0.589,7.4,43_368_515,0,0
tract_8,0.0,0.832,0.85,43_368_515,0,0
tract_1,0.0,0.889,1.31,43_369_297,-1,0
tract_2,0.0,0.188,0.09,43_369_297,-1,0
tract_3,0.0,0.985,0.85,43_369_297,-1,0
tract_4,0.0,0.138,5.3,43_369_297,-1,0
tract_5,0.0,0.932,20.14,43_369_297,-1,1
tract_6,0.05,0.193,45.26,43_369_297,-1,1
tract_7,0.0,0.912,18.91,43_369_297,-1,1
tract_8,0.004,0.243,8.14,43_369_297,-1,0
tract_1,0.0,0.979,2.64,43_373_277,-1,0
tract_2,0.0,0.283,0.18,43_373_277,-1,0
tract_3,0.0,0.917,0.76,43_373_277,-1,0
tract_4,0.0,0.646,4.73,43_373_277,-1,0
tract_5,0.0,0.915,18.0,43_373_277,-1,1
tract_6,0.016,0.097,40.44,43_373_277,-1,1
tract_7,0.0,0.938,16.9,43_373_277,-1,1
tract_8,0.005,0.366,16.35,43_373_277,-1,1
tract_1,0.034,0.679,34.68,44_220_253,-1,1
tract_2,0.046,0.22,29.98,44_220_253,-1,1
tract_3,0.0,0.875,12.02,44_220_253,-1,0
tract_4,0.0,0.201,2.95,44_220_253,-1,0
tract_5,0.0,0.798,0.43,44_220_253,-1,0
tract_6,0.0,0.172,0.2,44_220_253,-1,0
tract_7,0.0,0.755,2.82,44_220_253,-1,0
tract_8,0.012,0.041,16.93,44_220_253,-1,1
tract_1,0.003,0.05,22.94,44_227_243,-1,1
tract_2,0.011,0.075,8.72,44_227_243,-1,0
tract_3,0.0,0.35,2.48,44_227_243,-1,0
tract_4,0.0,0.791,0.17,44_227_243,-1,0
tract_5,0.0,0.253,2.52,44_227_243,-1,0
tract_6,0.0,0.06,5.65,44_227_243,-1,0
tract_7,0.0,0.18,21.94,44_227_243,-1,1
tract_8,0.161,0.421,35.56,44_227_243,-1,1
tract_1,0.022,0.187,26.78,44_228_230,1,1
tract_2,0.001,0.012,7.59,44_228_230,0,0
tract_3,0.0,0.518,2.9,44_228_230,0,0
tract_4,0.0,0.663,0.16,44_228_230,0,0
tract_5,0.0,0.423,2.4,44_228_230,0,0
tract_6,0.0,0.096,5.39,44_228_230,0,0
tract_7,0.0,0.354,20.9,44_228_230,1,1
tract_8,0.135,0.366,33.89,44_228_230,1,1
tract_1,0.0,0.176,2.43,44_253_441,-1,0
tract_2,0.008,0.218,6.44,44_253_441,-1,0
tract_3,0.0,0.108,22.95,44_253_441,-1,1
tract_4,0.352,0.704,37.56,44_253_441,-1,1
tract_5,0.0,0.016,22.18,44_253_441,-1,1
tract_6,0.0,0.015,5.83,44_253_441,-1,0
tract_7,0.0,0.06,2.44,44_253_441,-1,0
tract_8,0.0,0.998,0.17,44_253_441,-1,0
tract_1,0.0,0.493,14.45,44_256_378,1,1
tract_2,0.058,0.525,33.51,44_256_378,1,1
tract_3,0.0,0.233,13.44,44_256_378,0,0
tract_4,0.044,0.993,29.04,44_256_378,1,1
tract_5,0.0,0.31,4.2,44_256_378,0,0
tract_6,0.001,0.053,0.82,44_256_378,0,0
tract_7,0.0,0.382,0.65,44_256_378,0,0
tract_8,0.0,0.943,3.89,44_256_378,0,0
tract_1,0.0,0.352,2.45,44_257_475,0,0
tract_2,0.0,0.022,5.67,44_257_475,0,0
tract_3,0.0,0.606,23.14,44_257_475,1,1
tract_4,0.176,0.485,37.87,44_257_475,1,1
tract_5,0.0,0.512,22.36,44_257_475,1,1
tract_6,0.0,0.114,5.88,44_257_475,0,0
tract_7,0.0,0.448,2.46,44_257_475,0,0
tract_8,0.0,0.848,0.17,44_257_475,0,0
tract_1,0.0,0.74,0.0,44_275_373,-1,0
tract_2,0.001,0.156,1.4,44_275_373,-1,0
tract_3,0.0,0.905,0.0,44_275_373,-1,0
tract_4,0.0,0.131,0.0,44_275_373,-1,0
tract_5,0.0,0.832,0.0,44_275_373,-1,0
tract_6,0.044,0.503,98.6,44_275_373,-1,1
tract_7,0.0,0.794,0.0,44_275_373,-1,0
tract_8,0.0,0.505,0.0,44_275_373,-1,0
tract_1,0.0,0.602,2.32,44_280_509,0,0
tract_2,0.0,0.266,5.38,44_280_509,0,0
tract_3,0.0,0.36,21.93,44_280_509,1,1
tract_4,0.12,0.997,35.89,44_280_509,1,1
tract_5,0.013,0.434,24.98,44_280_509,1,1
tract_6,0.0,0.084,6.57,44_280_509,0,0
tract_7,0.0,0.496,2.75,44_280_509,0,0
tract_8,0.0,0.891,0.19,44_280_509,0,0
tract_1,0.0,0.256,2.38,44_281_426,0,0
tract_2,0.0,0.054,5.54,44_281_426,0,0
tract_3,0.0,0.522,22.51,44_281_426,1,1
tract_4,0.196,0.574,36.83,44_281_426,1,1
tract_5,0.006,0.393,22.88,44_281_426,1,1
tract_6,0.006,0.11,7.18,44_281_426,0,0
tract_7,0.0,0.357,2.52,44_281_426,0,0
tract_8,0.0,0.897,0.17,44_281_426,0,0
tract_1,0.0,0.963,2.27,44_282_438,0,0
tract_2,0.0,0.24,5.27,44_282_438,0,0
tract_3,0.0,0.995,21.49,44_282_438,1,1
tract_4,0.177,0.393,35.17,44_282_438,1,1
tract_5,0.019,0.967,24.54,44_282_438,1,1
tract_6,0.01,0.234,8.38,44_282_438,0,0
tract_7,0.0,0.96,2.7,44_282_438,0,0
tract_8,0.0,0.025,0.18,44_282_438,0,0
tract_1,0.0,0.888,1.97,44_286_430,-1,0
tract_2,0.0,0.189,4.55,44_286_430,-1,0
tract_3,0.0,0.984,18.58,44_286_430,-1,1
tract_4,0.06,0.161,30.4,44_286_430,-1,1
tract_5,0.02,0.931,28.2,44_286_430,-1,1
tract_6,0.011,0.222,13.0,44_286_430,-1,0
tract_7,0.0,0.911,3.1,44_286_430,-1,0
tract_8,0.0,0.257,0.21,44_286_430,-1,0
tract_1,0.0,0.453,0.61,44_289_389,-1,0
tract_2,0.0,0.239,0.04,44_289_389,-1,0
tract_3,0.0,0.188,4.15,44_289_389,-1,0
tract_4,0.063,0.988,25.81,44_289_389,-1,1
tract_5,0.001,0.273,15.99,44_289_389,-1,1
tract_6,0.101,0.616,35.0,44_289_389,-1,1
tract_7,0.0,0.34,14.63,44_289_389,-1,1
tract_8,0.0,0.957,3.77,44_289_389,-1,0
tract_1,0.0,0.7,0.0,44_300_360,-1,0
tract_2,0.0,0.102,0.0,44_300_360,-1,0
tract_3,0.0,0.878,0.0,44_300_360,-1,0
tract_4,0.0,0.193,0.0,44_300_360,-1,0
tract_5,0.0,0.802,23.89,44_300_360,-1,1
tract_6,0.14,0.671,53.68,44_300_360,-1,1
tract_7,0.0,0.759,22.43,44_300_360,-1,1
tract_8,0.0,0.556,0.0,44_300_360,-1,0
tract_1,0.0,0.263,2.09,44_300_492,-1,0
tract_2,0.0,0.05,4.84,44_300_492,-1,0
tract_3,0.0,0.528,19.74,44_300_492,-1,1
tract_4,0.141,0.72,32.3,44_300_492,-1,1
tract_5,0.047,0.356,29.73,44_300_492,-1,1
tract_6,0.0,0.098,7.81,44_300_492,-1,0
tract_7,0.0,0.364,3.27,44_300_492,-1,0
tract_8,0.0,0.894,0.22,44_300_492,-1,0
tract_1,0.0,0.466,21.45,44_301_270,-1,1
tract_2,0.0,0.24,5.78,44_301_270,-1,0
tract_3,0.0,0.203,2.32,44_301_270,-1,0
tract_4,0.0,0.995,0.16,44_301_270,-1,0
tract_5,0.0,0.281,2.43,44_301_270,-1,0
tract_6,0.027,0.143,12.4,44_301_270,-1,0
tract_7,0.0,0.354,21.15,44_301_270,-1,1
tract_8,0.132,0.515,34.3,44_301_270,-1,1
tract_1,0.0,0.941,18.81,44_313_225,1,1
tract_2,0.0,0.296,5.07,44_313_225,0,0
tract_3,0.0,0.829,2.04,44_313_225,0,0
tract_4,0.0,0.775,0.25,44_313_225,0,0
tract_5,0.0,0.845,3.64,44_313_225,0,0
tract_6,0.002,0.028,8.39,44_313_225,0,0
tract_7,0.136,0.858,31.72,44_313_225,1,1
tract_8,0.309,0.893,30.08,44_313_225,1,1
tract_1,0.0,0.212,2.42,44_313_494,0,0
tract_2,0.0,0.066,5.6,44_313_494,0,0
tract_3,0.0,0.482,22.86,44_313_494,1,1
tract_4,0.113,0.73,37.42,44_313_494,1,1
tract_5,0.003,0.009,22.96,44_313_494,1,1
tract_6,0.0,0.088,6.04,44_313_494,0,0
tract_7,0.0,0.316,2.52,44_313_494,0,0
tract_8,0.0,0.916,0.17,44_313_494,0,0
tract_1,0.0,0.359,2.05,44_323_460,-1,0
tract_2,0.0,0.217,4.74,44_323_460,-1,0
tract_3,0.0,0.085,19.34,44_323_460,-1,1
tract_4,0.233,0.995,31.65,44_323_460,-1,1
tract_5,0.087,0.254,30.58,44_323_460,-1,1
tract_6,0.0,0.011,8.04,44_323_460,-1,0
tract_7,0.0,0.244,3.36,44_323_460,-1,0
tract_8,0.0,0.981,0.23,44_323_460,-1,0
tract_1,0.0,0.55,0.76,44_328_455,-1,0
tract_2,0.0,0.045,1.76,44_328_455,-1,0
tract_3,0.0,0.769,12.18,44_328_455,-1,0
tract_4,0.107,0.5,33.74,44_328_455,-1,1
tract_5,0.207,0.613,30.41,44_328_455,-1,1
tract_6,0.009,0.178,14.83,44_328_455,-1,1
tract_7,0.0,0.628,5.66,44_328_455,-1,0
tract_8,0.0,0.708,0.65,44_328_455,-1,0
tract_1,0.0,0.607,3.57,44_337_297,-1,0
tract_2,0.0,0.267,0.25,44_337_297,-1,0
tract_3,0.0,0.366,0.7,44_337_297,-1,0
tract_4,0.0,0.996,4.33,44_337_297,-1,0
tract_5,0.0,0.434,16.48,44_337_297,-1,1
tract_6,0.065,0.14,37.03,44_337_297,-1,1
tract_7,0.0,0.501,15.47,44_337_297,-1,0
tract_8,0.032,0.927,22.16,44_337_297,-1,1
tract_1,0.0,0.755,0.0,44_337_344,-1,0
tract_2,0.0,0.125,0.0,44_337_344,-1,0
tract_3,0.0,0.914,0.0,44_337_344,-1,0
tract_4,0.0,0.112,0.0,44_337_344,-1,0
tract_5,0.0,0.843,23.89,44_337_344,-1,1
tract_6,0.355,0.75,53.68,44_337_344,-1,1
tract_7,0.0,0.806,22.43,44_337_344,-1,1
tract_8,0.0,0.486,0.0,44_337_344,-1,0
tract_1,0.0,0.236,3.75,44_353_305,-1,0
tract_2,0.0,0.059,0.26,44_353_305,-1,0
tract_3,0.0,0.503,0.68,44_353_305,-1,0
tract_4,0.0,0.676,4.26,44_353_305,-1,0
tract_5,0.0,0.407,16.2,44_353_305,-1,1
tract_6,0.02,0.049,36.38,44_353_305,-1,1
tract_7,0.0,0.338,15.2,44_353_305,-1,1
tract_8,0.011,0.879,23.26,44_353_305,-1,1
tract_1,0.0,0.98,0.82,44_360_366,0,0
tract_2,0.0,0.254,0.06,44_360_366,0,0
tract_3,0.0,0.982,0.92,44_360_366,0,0
tract_4,0.002,0.456,5.7,44_360_366,0,0
tract_5,0.0,0.958,20.89,44_360_366,1,1
tract_6,0.366,0.967,46.94,44_360_366,1,1
tract_7,0.0,0.965,19.62,44_360_366,1,1
tract_8,0.0,0.077,5.06,44_360_366,0,0
tract_1,0.0,0.111,23.53,45_239_367,-1,1
tract_2,0.032,0.159,54.58,45_239_367,-1,1
tract_3,0.0,0.174,21.89,45_239_367,-1,1
tract_4,0.0,0.889,0.0,45_239_367,-1,0
tract_5,0.0,0.08,0.0,45_239_367,-1,0
tract_6,0.0,0.024,0.0,45_239_367,-1,0
tract_7,0.0,0.004,0.0,45_239_367,-1,0
tract_8,0.0,0.995,0.0,45_239_367,-1,0
tract_1,0.0,0.798,2.7,45_242_520,-1,0
tract_2,0.0,0.293,6.26,45_242_520,-1,0
tract_3,0.007,0.61,25.54,45_242_520,-1,1
tract_4,0.069,0.94,36.08,45_242_520,-1,1
tract_5,0.0,0.653,21.31,45_242_520,-1,1
tract_6,0.0,0.132,5.6,45_242_520,-1,0
tract_7,0.0,0.709,2.34,45_242_520,-1,0
tract_8,0.0,0.728,0.16,45_242_520,-1,0
tract_1,0.0,0.582,2.45,45_251_499,-1,0
tract_2,0.0,0.057,5.67,45_251_499,-1,0
tract_3,0.0,0.794,23.14,45_251_499,-1,1
tract_4,0.049,0.307,37.87,45_251_499,-1,1
tract_5,0.0,0.709,22.36,45_251_499,-1,1
tract_6,0.0,0.154,5.88,45_251_499,-1,0
tract_7,0.0,0.657,2.46,45_251_499,-1,0
tract_8,0.0,0.679,0.17,45_251_499,-1,0
tract_1,0.087,0.976,26.51,45_252_234,1,1
tract_2,0.031,0.395,9.22,45_252_234,0,0
tract_3,0.0,0.892,2.87,45_252_234,0,0
tract_4,0.0,0.691,0.16,45_252_234,0,0
tract_5,0.0,0.896,2.35,45_252_234,0,0
tract_6,0.0,0.176,5.27,45_252_234,0,0
tract_7,0.0,0.924,20.46,45_252_234,1,1
tract_8,0.5,0.987,33.17,45_252_234,1,1
tract_1,0.0,0.794,22.31,45_256_280,-1,1
tract_2,0.014,0.126,9.22,45_256_280,-1,0
tract_3,0.0,0.938,2.42,45_256_280,-1,0
tract_4,0.0,0.048,0.17,45_256_280,-1,0
tract_5,0.0,0.871,2.53,45_256_280,-1,0
tract_6,0.0,0.15,5.67,45_256_280,-1,0
tract_7,0.0,0.838,22.01,45_256_280,-1,1
tract_8,0.153,0.698,35.68,45_256_280,-1,1
tract_1,0.0,0.89,2.42,45_269_458,-1,0
tract_2,0.002,0.204,6.12,45_269_458,-1,0
tract_3,0.0,0.985,22.9,45_269_458,-1,1
tract_4,0.125,0.255,37.47,45_269_458,-1,1
tract_5,0.0,0.933,22.13,45_269_458,-1,1
tract_6,0.002,0.193,6.36,45_269_458,-1,0
tract_7,0.0,0.913,2.43,45_269_458,-1,0
tract_8,0.0,0.25,0.17,45_269_458,-1,0
tract_1,0.0,0.552,20.8,45_274_297,1,1
tract_2,0.008,0.211,8.79,45_274_297,0,0
tract_3,0.0,0.301,2.25,45_274_297,0,0
tract_4,0.0,0.999,0.16,45_274_297,0,0
tract_5,0.0,0.374,2.36,45_274_297,0,0
tract_6,0.016,0.15,11.85,45_274_297,0,0
tract_7,0.0,0.444,20.52,45_274_297,1,1
tract_8,0.079,0.916,33.27,45_274_297,1,1
tract_1,0.0,0.689,2.29,45_277_514,-1,0
tract_2,0.0,0.28,5.32,45_277_514,-1,0
tract_3,0.0,0.465,21.69,45_277_514,-1,1
tract_4,0.121,0.984,35.49,45_277_514,-1,1
tract_5,0.015,0.536,25.51,45_277_514,-1,1
tract_6,0.0,0.105,6.71,45_277_514,-1,0
tract_7,0.0,0.589,2.81,45_277_514,-1,0
tract_8,0.0,0.833,0.19,45_277_514,-1,0
tract_1,0.0,0.391,0.0,45_279_326,-1,0
tract_2,0.007,0.184,32.9,45_279_326,-1,1
tract_3,0.0,0.119,0.0,45_279_326,-1,0
tract_4,0.0,0.983,0.0,45_279_326,-1,0
tract_5,0.0,0.202,0.0,45_279_326,-1,0
tract_6,0.014,0.111,67.1,45_279_326,-1,1
tract_7,0.0,0.277,0.0,45_279_326,-1,0
tract_8,0.0,0.974,0.0,45_279_326,-1,0
tract_1,0.0,0.871,0.0,45_289_358,-1,0
tract_2,0.0,0.181,0.0,45_289_358,-1,0
tract_3,0.0,0.978,0.0,45_289_358,-1,0
tract_4,0.0,0.099,0.0,45_289_358,-1,0
tract_5,0.0,0.922,23.89,45_289_358,-1,1
tract_6,0.151,0.852,53.68,45_289_358,-1,1
tract_7,0.0,0.899,22.43,45_289_358,-1,1
tract_8,0.0,0.292,0.0,45_289_358,-1,0
tract_1,0.0,0.247,2.18,45_296_426,-1,0
tract_2,0.0,0.056,5.05,45_296_426,-1,0
tract_3,0.0,0.514,20.59,45_296_426,-1,1
tract_4,0.192,0.695,33.69,45_296_426,-1,1
tract_5,0.035,0.407,26.06,45_296_426,-1,1
tract_6,0.014,0.129,9.38,45_296_426,-1,0
tract_7,0.0,0.349,2.86,45_296_426,-1,0
tract_8,0.0,0.901,0.19,45_296_426,-1,0
tract_1,0.0,0.605,2.29,45_297_441,-1,0
tract_2,0.0,0.266,5.3,45_297_441,-1,0
tract_3,0.0,0.364,21.61,45_297_441,-1,1
tract_4,0.369,0.984,35.37,45_297_441,-1,1
tract_5,0.042,0.441,24.95,45_297_441,-1,1
tract_6,0.01,0.178,7.56,45_297_441,-1,0
tract_7,0.0,0.5,2.74,45_297_441,-1,0
tract_8,0.0,0.889,0.19,45_297_441,-1,0
tract_1,0.0,0.944,11.51,45_312_182,0,0
tract_2,0.0,0.222,1.91,45_312_182,0,0
tract_3,0.0,0.997,0.77,45_312_182,0,0
tract_4,0.0,0.288,0.71,45_312_182,0,0
tract_5,0.0,0.957,6.41,45_312_182,0,0
tract_6,0.0,0.202,14.39,45_312_182,1,1
tract_7,0.12,0.281,34.45,45_312_182,1,1
tract_8,0.03,0.198,29.85,45_312_182,1,1
tract_1,0.0,0.752,12.17,45_324_198,0,0
tract_2,0.0,0.288,2.02,45_324_198,0,0
tract_3,0.0,0.547,0.81,45_324_198,0,0
tract_4,0.0,0.96,0.67,45_324_198,0,0
tract_5,0.0,0.599,6.13,45_324_198,0,0
tract_6,0.0,0.1,13.75,45_324_198,1,1
tract_7,0.37,0.912,32.91,45_324_198,1,1
tract_8,0.126,0.738,31.54,45_324_198,1,1
tract_1,0.0,0.96,9.65,45_329_182,-1,0
tract_2,0.0,0.234,1.61,45_329_182,-1,0
tract_3,0.0,0.996,0.64,45_329_182,-1,0
tract_4,0.0,0.348,0.79,45_329_182,-1,0
tract_5,0.0,0.961,7.23,45_329_182,-1,0
tract_6,0.0,0.203,16.22,45_329_182,-1,1
tract_7,0.228,0.429,38.82,45_329_182,-1,1
tract_8,0.006,0.055,25.03,45_329_182,-1,1
tract_1,0.0,0.904,0.79,45_329_375,-1,0
tract_2,0.0,0.298,0.06,45_329_375,-1,0
tract_3,0.0,0.764,1.22,45_329_375,-1,0
tract_4,0.021,0.843,7.62,45_329_375,-1,0
tract_5,0.005,0.776,20.78,45_329_375,-1,1
tract_6,0.444,0.964,45.57,45_329_375,-1,1
tract_7,0.0,0.834,19.05,45_329_375,-1,1
tract_8,0.0,0.563,4.91,45_329_375,-1,0
tract_1,0.0,0.906,0.0,45_335_328,0,0
tract_2,0.0,0.298,0.0,45_335_328,0,0
tract_3,0.0,0.768,0.0,45_335_328,0,0
tract_4,0.0,0.835,0.0,45_335_328,0,0
tract_5,0.0,0.794,23.89,45_335_328,1,1
tract_6,0.039,0.083,53.68,45_335_328,1,1
tract_7,0.0,0.837,22.43,45_335_328,1,1
tract_8,0.0,0.559,0.0,45_335_328,0,0
tract_1,0.0,0.856,0.52,45_343_418,0,0
tract_2,0.0,0.172,0.04,45_343_418,0,0
tract_3,0.0,0.971,1.77,45_343_418,0,0
tract_4,0.001,0.017,11.03,45_343_418,0,0
tract_5,0.142,0.923,40.95,45_343_418,1,1
tract_6,0.154,0.762,29.95,45_343_418,1,1
tract_7,0.0,0.888,12.52,45_343_418,1,1
tract_8,0.0,0.322,3.23,45_343_418,0,0
